id,createdAt,amount,date,userID,categoryID
1,2024-01-01T00:00:00,15,2024-01-01,user-123,2
2,2024-01-01T00:00:00,20,2024-01-01,user-123,3
3,2024-01-01T00:00:00,25,2024-01-01,user-123,4
4,2024-01-01T00:00:00,30,2024-01-01,user-123,1
5,2024-01-01T00:00:00,35,2024-01-01,user-123,2
6,2024-01-01T00:00:00,40,2024-01-01,user-123,3
7,2024-01-01T00:00:00,45,2024-01-01,user-123,4
8,2024-01-02T00:00:00,10,2024-01-02,user-123,1
9,2024-01-02T00:00:00,15,2024-01-02,user-123,2
10,2024-01-02T00:00:00,20,2024-01-02,user-123,3
11,2024-01-02T00:00:00,25,2024-01-02,user-123,4
12,2024-01-02T00:00:00,30,2024-01-02,user-123,1
13,2024-01-02T00:00:00,35,2024-01-02,user-123,2
14,2024-01-02T00:00:00,40,2024-01-02,user-123,3
15,2024-01-03T00:00:00,45,2024-01-03,user-123,4
16,2024-01-03T00:00:00,10,2024-01-03,user-123,1
17,2024-01-03T00:00:00,15,2024-01-03,user-123,2
18,2024-01-03T00:00:00,20,2024-01-03,user-123,3
19,2024-01-03T00:00:00,25,2024-01-03,user-123,4
20,2024-01-03T00:00:00,30,2024-01-03,user-123,1
21,2024-01-03T00:00:00,35,2024-01-03,user-123,2
22,2024-01-04T00:00:00,40,2024-01-04,user-123,3
23,2024-01-04T00:00:00,45,2024-01-04,user-123,4
24,2024-01-04T00:00:00,10,2024-01-04,user-123,1
25,2024-01-04T00:00:00,15,2024-01-04,user-123,2
26,2024-01-04T00:00:00,20,2024-01-04,user-123,3
27,2024-01-04T00:00:00,25,2024-01-04,user-123,4
28,2024-01-04T00:00:00,30,2024-01-04,user-123,1
29,2024-01-05T00:00:00,35,2024-01-05,user-123,2
30,2024-01-05T00:00:00,40,2024-01-05,user-123,3
31,2024-01-05T00:00:00,45,2024-01-05,user-123,4
32,2024-01-05T00:00:00,10,2024-01-05,user-123,1
33,2024-01-05T00:00:00,15,2024-01-05,user-123,2
34,2024-01-05T00:00:00,20,2024-01-05,user-123,3
35,2024-01-05T00:00:00,25,2024-01-05,user-123,4
36,2024-01-06T00:00:00,30,2024-01-06,user-123,1
37,2024-01-06T00:00:00,35,2024-01-06,user-123,2
38,2024-01-06T00:00:00,40,2024-01-06,user-123,3
39,2024-01-06T00:00:00,45,2024-01-06,user-123,4
40,2024-01-06T00:00:00,10,2024-01-06,user-123,1
41,2024-01-06T00:00:00,15,2024-01-06,user-123,2
42,2024-01-06T00:00:00,20,2024-01-06,user-123,3
43,2024-01-07T00:00:00,25,2024-01-07,user-123,4
44,2024-01-07T00:00:00,30,2024-01-07,user-123,1
45,2024-01-07T00:00:00,35,2024-01-07,user-123,2
46,2024-01-07T00:00:00,40,2024-01-07,user-123,3
47,2024-01-07T00:00:00,45,2024-01-07,user-123,4
48,2024-01-07T00:00:00,10,2024-01-07,user-123,1
49,2024-01-07T00:00:00,15,2024-01-07,user-123,2
50,2024-01-08T00:00:00,20,2024-01-08,user-123,3
51,2024-01-08T00:00:00,25,2024-01-08,user-123,4
52,2024-01-08T00:00:00,30,2024-01-08,user-123,1
53,2024-01-08T00:00:00,35,2024-01-08,user-123,2
54,2024-01-08T00:00:00,40,2024-01-08,user-123,3
55,2024-01-08T00:00:00,45,2024-01-08,user-123,4
56,2024-01-08T00:00:00,10,2024-01-08,user-123,1
57,2024-01-09T00:00:00,15,2024-01-09,user-123,2
58,2024-01-09T00:00:00,20,2024-01-09,user-123,3
59,2024-01-09T00:00:00,25,2024-01-09,user-123,4
60,2024-01-09T00:00:00,30,2024-01-09,user-123,1
61,2024-01-09T00:00:00,35,2024-01-09,user-123,2
62,2024-01-09T00:00:00,40,2024-01-09,user-123,3
63,2024-01-09T00:00:00,45,2024-01-09,user-123,4
64,2024-01-10T00:00:00,10,2024-01-10,user-123,1
65,2024-01-10T00:00:00,15,2024-01-10,user-123,2
66,2024-01-10T00:00:00,20,2024-01-10,user-123,3
67,2024-01-10T00:00:00,25,2024-01-10,user-123,4
68,2024-01-10T00:00:00,30,2024-01-10,user-123,1
69,2024-01-10T00:00:00,35,2024-01-10,user-123,2
70,2024-01-10T00:00:00,40,2024-01-10,user-123,3
71,2024-01-11T00:00:00,45,2024-01-11,user-123,4
72,2024-01-11T00:00:00,10,2024-01-11,user-123,1
73,2024-01-11T00:00:00,15,2024-01-11,user-123,2
74,2024-01-11T00:00:00,20,2024-01-11,user-123,3
75,2024-01-11T00:00:00,25,2024-01-11,user-123,4
76,2024-01-11T00:00:00,30,2024-01-11,user-123,1
77,2024-01-11T00:00:00,35,2024-01-11,user-123,2
78,2024-01-12T00:00:00,40,2024-01-12,user-123,3
79,2024-01-12T00:00:00,45,2024-01-12,user-123,4
80,2024-01-12T00:00:00,10,2024-01-12,user-123,1
81,2024-01-12T00:00:00,15,2024-01-12,user-123,2
82,2024-01-12T00:00:00,20,2024-01-12,user-123,3
83,2024-01-12T00:00:00,25,2024-01-12,user-123,4
84,2024-01-12T00:00:00,30,2024-01-12,user-123,1
85,2024-01-13T00:00:00,35,2024-01-13,user-123,2
86,2024-01-13T00:00:00,40,2024-01-13,user-123,3
87,2024-01-13T00:00:00,45,2024-01-13,user-123,4
88,2024-01-13T00:00:00,10,2024-01-13,user-123,1
89,2024-01-13T00:00:00,15,2024-01-13,user-123,2
90,2024-01-13T00:00:00,20,2024-01-13,user-123,3
91,2024-01-13T00:00:00,25,2024-01-13,user-123,4
92,2024-01-14T00:00:00,30,2024-01-14,user-123,1
93,2024-01-14T00:00:00,35,2024-01-14,user-123,2
94,2024-01-14T00:00:00,40,2024-01-14,user-123,3
95,2024-01-14T00:00:00,45,2024-01-14,user-123,4
96,2024-01-14T00:00:00,10,2024-01-14,user-123,1
97,2024-01-14T00:00:00,15,2024-01-14,user-123,2
98,2024-01-14T00:00:00,20,2024-01-14,user-123,3
99,2024-01-15T00:00:00,25,2024-01-15,user-123,4
100,2024-01-15T00:00:00,30,2024-01-15,user-123,1
101,2024-01-15T00:00:00,35,2024-01-15,user-123,2
102,2024-01-15T00:00:00,40,2024-01-15,user-123,3
103,2024-01-15T00:00:00,45,2024-01-15,user-123,4
104,2024-01-15T00:00:00,10,2024-01-15,user-123,1
105,2024-01-15T00:00:00,15,2024-01-15,user-123,2
106,2024-01-16T00:00:00,20,2024-01-16,user-123,3
107,2024-01-16T00:00:00,25,2024-01-16,user-123,4
108,2024-01-16T00:00:00,30,2024-01-16,user-123,1
109,2024-01-16T00:00:00,35,2024-01-16,user-123,2
110,2024-01-16T00:00:00,40,2024-01-16,user-123,3
111,2024-01-16T00:00:00,45,2024-01-16,user-123,4
112,2024-01-16T00:00:00,10,2024-01-16,user-123,1
113,2024-01-17T00:00:00,15,2024-01-17,user-123,2
114,2024-01-17T00:00:00,20,2024-01-17,user-123,3
115,2024-01-17T00:00:00,25,2024-01-17,user-123,4
116,2024-01-17T00:00:00,30,2024-01-17,user-123,1
117,2024-01-17T00:00:00,35,2024-01-17,user-123,2
118,2024-01-17T00:00:00,40,2024-01-17,user-123,3
119,2024-01-17T00:00:00,45,2024-01-17,user-123,4
120,2024-01-18T00:00:00,10,2024-01-18,user-123,1
121,2024-01-18T00:00:00,15,2024-01-18,user-123,2
122,2024-01-18T00:00:00,20,2024-01-18,user-123,3
123,2024-01-18T00:00:00,25,2024-01-18,user-123,4
124,2024-01-18T00:00:00,30,2024-01-18,user-123,1
125,2024-01-18T00:00:00,35,2024-01-18,user-123,2
126,2024-01-18T00:00:00,40,2024-01-18,user-123,3
127,2024-01-19T00:00:00,45,2024-01-19,user-123,4
128,2024-01-19T00:00:00,10,2024-01-19,user-123,1
129,2024-01-19T00:00:00,15,2024-01-19,user-123,2
130,2024-01-19T00:00:00,20,2024-01-19,user-123,3
131,2024-01-19T00:00:00,25,2024-01-19,user-123,4
132,2024-01-19T00:00:00,30,2024-01-19,user-123,1
133,2024-01-19T00:00:00,35,2024-01-19,user-123,2
134,2024-01-20T00:00:00,40,2024-01-20,user-123,3
135,2024-01-20T00:00:00,45,2024-01-20,user-123,4
136,2024-01-20T00:00:00,10,2024-01-20,user-123,1
137,2024-01-20T00:00:00,15,2024-01-20,user-123,2
138,2024-01-20T00:00:00,20,2024-01-20,user-123,3
139,2024-01-20T00:00:00,25,2024-01-20,user-123,4
140,2024-01-20T00:00:00,30,2024-01-20,user-123,1
141,2024-01-21T00:00:00,35,2024-01-21,user-123,2
142,2024-01-21T00:00:00,40,2024-01-21,user-123,3
143,2024-01-21T00:00:00,45,2024-01-21,user-123,4
144,2024-01-21T00:00:00,10,2024-01-21,user-123,1
145,2024-01-21T00:00:00,15,2024-01-21,user-123,2
146,2024-01-21T00:00:00,20,2024-01-21,user-123,3
147,2024-01-21T00:00:00,25,2024-01-21,user-123,4
148,2024-01-22T00:00:00,30,2024-01-22,user-123,1
149,2024-01-22T00:00:00,35,2024-01-22,user-123,2
150,2024-01-22T00:00:00,40,2024-01-22,user-123,3
151,2024-01-22T00:00:00,45,2024-01-22,user-123,4
152,2024-01-22T00:00:00,10,2024-01-22,user-123,1
153,2024-01-22T00:00:00,15,2024-01-22,user-123,2
154,2024-01-22T00:00:00,20,2024-01-22,user-123,3
155,2024-01-23T00:00:00,25,2024-01-23,user-123,4
156,2024-01-23T00:00:00,30,2024-01-23,user-123,1
157,2024-01-23T00:00:00,35,2024-01-23,user-123,2
158,2024-01-23T00:00:00,40,2024-01-23,user-123,3
159,2024-01-23T00:00:00,45,2024-01-23,user-123,4
160,2024-01-23T00:00:00,10,2024-01-23,user-123,1
161,2024-01-23T00:00:00,15,2024-01-23,user-123,2
162,2024-01-24T00:00:00,20,2024-01-24,user-123,3
163,2024-01-24T00:00:00,25,2024-01-24,user-123,4
164,2024-01-24T00:00:00,30,2024-01-24,user-123,1
165,2024-01-24T00:00:00,35,2024-01-24,user-123,2
166,2024-01-24T00:00:00,40,2024-01-24,user-123,3
167,2024-01-24T00:00:00,45,2024-01-24,user-123,4
168,2024-01-24T00:00:00,10,2024-01-24,user-123,1
169,2024-01-25T00:00:00,15,2024-01-25,user-123,2
170,2024-01-25T00:00:00,20,2024-01-25,user-123,3
171,2024-01-25T00:00:00,25,2024-01-25,user-123,4
172,2024-01-25T00:00:00,30,2024-01-25,user-123,1
173,2024-01-25T00:00:00,35,2024-01-25,user-123,2
174,2024-01-25T00:00:00,40,2024-01-25,user-123,3
175,2024-01-25T00:00:00,45,2024-01-25,user-123,4
176,2024-01-26T00:00:00,10,2024-01-26,user-123,1
177,2024-01-26T00:00:00,15,2024-01-26,user-123,2
178,2024-01-26T00:00:00,20,2024-01-26,user-123,3
179,2024-01-26T00:00:00,25,2024-01-26,user-123,4
180,2024-01-26T00:00:00,30,2024-01-26,user-123,1
181,2024-01-26T00:00:00,35,2024-01-26,user-123,2
182,2024-01-26T00:00:00,40,2024-01-26,user-123,3
183,2024-01-27T00:00:00,45,2024-01-27,user-123,4
184,2024-01-27T00:00:00,10,2024-01-27,user-123,1
185,2024-01-27T00:00:00,15,2024-01-27,user-123,2
186,2024-01-27T00:00:00,20,2024-01-27,user-123,3
187,2024-01-27T00:00:00,25,2024-01-27,user-123,4
188,2024-01-27T00:00:00,30,2024-01-27,user-123,1
189,2024-01-27T00:00:00,35,2024-01-27,user-123,2
190,2024-01-28T00:00:00,40,2024-01-28,user-123,3
191,2024-01-28T00:00:00,45,2024-01-28,user-123,4
192,2024-01-28T00:00:00,10,2024-01-28,user-123,1
193,2024-01-28T00:00:00,15,2024-01-28,user-123,2
194,2024-01-28T00:00:00,20,2024-01-28,user-123,3
195,2024-01-28T00:00:00,25,2024-01-28,user-123,4
196,2024-01-28T00:00:00,30,2024-01-28,user-123,1
197,2024-01-29T00:00:00,35,2024-01-29,user-123,2
198,2024-01-29T00:00:00,40,2024-01-29,user-123,3
199,2024-01-29T00:00:00,45,2024-01-29,user-123,4
200,2024-01-29T00:00:00,10,2024-01-29,user-123,1
201,2024-01-29T00:00:00,15,2024-01-29,user-123,2
202,2024-01-29T00:00:00,20,2024-01-29,user-123,3
203,2024-01-29T00:00:00,25,2024-01-29,user-123,4
204,2024-01-30T00:00:00,30,2024-01-30,user-123,1
205,2024-01-30T00:00:00,35,2024-01-30,user-123,2
206,2024-01-30T00:00:00,40,2024-01-30,user-123,3
207,2024-01-30T00:00:00,45,2024-01-30,user-123,4
208,2024-01-30T00:00:00,10,2024-01-30,user-123,1
209,2024-01-30T00:00:00,15,2024-01-30,user-123,2
210,2024-01-30T00:00:00,20,2024-01-30,user-123,3
211,2024-01-31T00:00:00,25,2024-01-31,user-123,4
212,2024-01-31T00:00:00,30,2024-01-31,user-123,1
213,2024-01-31T00:00:00,35,2024-01-31,user-123,2
214,2024-01-31T00:00:00,40,2024-01-31,user-123,3
215,2024-01-31T00:00:00,45,2024-01-31,user-123,4
216,2024-01-31T00:00:00,10,2024-01-31,user-123,1
217,2024-01-31T00:00:00,15,2024-01-31,user-123,2
218,2024-01-31T00:00:00,20,2024-01-31,user-123,3
219,2024-01-31T00:00:00,25,2024-01-31,user-123,4
220,2024-01-31T00:00:00,30,2024-01-31,user-123,1
221,2024-01-31T00:00:00,35,2024-01-31,user-123,2
222,2024-01-31T00:00:00,40,2024-01-31,user-123,3
223,2024-01-31T00:00:00,45,2024-01-31,user-123,4
224,2024-01-31T00:00:00,10,2024-01-31,user-123,1
225,2024-02-01T00:00:00,15,2024-02-01,user-123,2
226,2024-02-01T00:00:00,20,2024-02-01,user-123,3
227,2024-02-01T00:00:00,25,2024-02-01,user-123,4
228,2024-02-01T00:00:00,30,2024-02-01,user-123,1
229,2024-02-01T00:00:00,35,2024-02-01,user-123,2
230,2024-02-01T00:00:00,40,2024-02-01,user-123,3
231,2024-02-01T00:00:00,45,2024-02-01,user-123,4
232,2024-02-02T00:00:00,10,2024-02-02,user-123,1
233,2024-02-02T00:00:00,15,2024-02-02,user-123,2
234,2024-02-02T00:00:00,20,2024-02-02,user-123,3
235,2024-02-02T00:00:00,25,2024-02-02,user-123,4
236,2024-02-02T00:00:00,30,2024-02-02,user-123,1
237,2024-02-02T00:00:00,35,2024-02-02,user-123,2
238,2024-02-02T00:00:00,40,2024-02-02,user-123,3
239,2024-02-03T00:00:00,45,2024-02-03,user-123,4
240,2024-02-03T00:00:00,10,2024-02-03,user-123,1
241,2024-02-03T00:00:00,15,2024-02-03,user-123,2
242,2024-02-03T00:00:00,20,2024-02-03,user-123,3
243,2024-02-03T00:00:00,25,2024-02-03,user-123,4
244,2024-02-03T00:00:00,30,2024-02-03,user-123,1
245,2024-02-03T00:00:00,35,2024-02-03,user-123,2
246,2024-02-04T00:00:00,40,2024-02-04,user-123,3
247,2024-02-04T00:00:00,45,2024-02-04,user-123,4
248,2024-02-04T00:00:00,10,2024-02-04,user-123,1
249,2024-02-04T00:00:00,15,2024-02-04,user-123,2
250,2024-02-04T00:00:00,20,2024-02-04,user-123,3
251,2024-02-04T00:00:00,25,2024-02-04,user-123,4
252,2024-02-04T00:00:00,30,2024-02-04,user-123,1
253,2024-02-05T00:00:00,35,2024-02-05,user-123,2
254,2024-02-05T00:00:00,40,2024-02-05,user-123,3
255,2024-02-05T00:00:00,45,2024-02-05,user-123,4
256,2024-02-05T00:00:00,10,2024-02-05,user-123,1
257,2024-02-05T00:00:00,15,2024-02-05,user-123,2
258,2024-02-05T00:00:00,20,2024-02-05,user-123,3
259,2024-02-05T00:00:00,25,2024-02-05,user-123,4
260,2024-02-06T00:00:00,30,2024-02-06,user-123,1
261,2024-02-06T00:00:00,35,2024-02-06,user-123,2
262,2024-02-06T00:00:00,40,2024-02-06,user-123,3
263,2024-02-06T00:00:00,45,2024-02-06,user-123,4
264,2024-02-06T00:00:00,10,2024-02-06,user-123,1
265,2024-02-06T00:00:00,15,2024-02-06,user-123,2
266,2024-02-06T00:00:00,20,2024-02-06,user-123,3
267,2024-02-07T00:00:00,25,2024-02-07,user-123,4
268,2024-02-07T00:00:00,30,2024-02-07,user-123,1
269,2024-02-07T00:00:00,35,2024-02-07,user-123,2
270,2024-02-07T00:00:00,40,2024-02-07,user-123,3
271,2024-02-07T00:00:00,45,2024-02-07,user-123,4
272,2024-02-07T00:00:00,10,2024-02-07,user-123,1
273,2024-02-07T00:00:00,15,2024-02-07,user-123,2
274,2024-02-08T00:00:00,20,2024-02-08,user-123,3
275,2024-02-08T00:00:00,25,2024-02-08,user-123,4
276,2024-02-08T00:00:00,30,2024-02-08,user-123,1
277,2024-02-08T00:00:00,35,2024-02-08,user-123,2
278,2024-02-08T00:00:00,40,2024-02-08,user-123,3
279,2024-02-08T00:00:00,45,2024-02-08,user-123,4
280,2024-02-08T00:00:00,10,2024-02-08,user-123,1
281,2024-02-09T00:00:00,15,2024-02-09,user-123,2
282,2024-02-09T00:00:00,20,2024-02-09,user-123,3
283,2024-02-09T00:00:00,25,2024-02-09,user-123,4
284,2024-02-09T00:00:00,30,2024-02-09,user-123,1
285,2024-02-09T00:00:00,35,2024-02-09,user-123,2
286,2024-02-09T00:00:00,40,2024-02-09,user-123,3
287,2024-02-09T00:00:00,45,2024-02-09,user-123,4
288,2024-02-10T00:00:00,10,2024-02-10,user-123,1
289,2024-02-10T00:00:00,15,2024-02-10,user-123,2
290,2024-02-10T00:00:00,20,2024-02-10,user-123,3
291,2024-02-10T00:00:00,25,2024-02-10,user-123,4
292,2024-02-10T00:00:00,30,2024-02-10,user-123,1
293,2024-02-10T00:00:00,35,2024-02-10,user-123,2
294,2024-02-10T00:00:00,40,2024-02-10,user-123,3
295,2024-02-11T00:00:00,45,2024-02-11,user-123,4
296,2024-02-11T00:00:00,10,2024-02-11,user-123,1
297,2024-02-11T00:00:00,15,2024-02-11,user-123,2
298,2024-02-11T00:00:00,20,2024-02-11,user-123,3
299,2024-02-11T00:00:00,25,2024-02-11,user-123,4
300,2024-02-11T00:00:00,30,2024-02-11,user-123,1
301,2024-02-11T00:00:00,35,2024-02-11,user-123,2
302,2024-02-12T00:00:00,40,2024-02-12,user-123,3
303,2024-02-12T00:00:00,45,2024-02-12,user-123,4
304,2024-02-12T00:00:00,10,2024-02-12,user-123,1
305,2024-02-12T00:00:00,15,2024-02-12,user-123,2
306,2024-02-12T00:00:00,20,2024-02-12,user-123,3
307,2024-02-12T00:00:00,25,2024-02-12,user-123,4
308,2024-02-12T00:00:00,30,2024-02-12,user-123,1
309,2024-02-13T00:00:00,35,2024-02-13,user-123,2
310,2024-02-13T00:00:00,40,2024-02-13,user-123,3
311,2024-02-13T00:00:00,45,2024-02-13,user-123,4
312,2024-02-13T00:00:00,10,2024-02-13,user-123,1
313,2024-02-13T00:00:00,15,2024-02-13,user-123,2
314,2024-02-13T00:00:00,20,2024-02-13,user-123,3
315,2024-02-13T00:00:00,25,2024-02-13,user-123,4
316,2024-02-14T00:00:00,30,2024-02-14,user-123,1
317,2024-02-14T00:00:00,35,2024-02-14,user-123,2
318,2024-02-14T00:00:00,40,2024-02-14,user-123,3
319,2024-02-14T00:00:00,45,2024-02-14,user-123,4
320,2024-02-14T00:00:00,10,2024-02-14,user-123,1
321,2024-02-14T00:00:00,15,2024-02-14,user-123,2
322,2024-02-14T00:00:00,20,2024-02-14,user-123,3
323,2024-02-15T00:00:00,25,2024-02-15,user-123,4
324,2024-02-15T00:00:00,30,2024-02-15,user-123,1
325,2024-02-15T00:00:00,35,2024-02-15,user-123,2
326,2024-02-15T00:00:00,40,2024-02-15,user-123,3
327,2024-02-15T00:00:00,45,2024-02-15,user-123,4
328,2024-02-15T00:00:00,10,2024-02-15,user-123,1
329,2024-02-15T00:00:00,15,2024-02-15,user-123,2
330,2024-02-16T00:00:00,20,2024-02-16,user-123,3
331,2024-02-16T00:00:00,25,2024-02-16,user-123,4
332,2024-02-16T00:00:00,30,2024-02-16,user-123,1
333,2024-02-16T00:00:00,35,2024-02-16,user-123,2
334,2024-02-16T00:00:00,40,2024-02-16,user-123,3
335,2024-02-16T00:00:00,45,2024-02-16,user-123,4
336,2024-02-16T00:00:00,10,2024-02-16,user-123,1
337,2024-02-17T00:00:00,15,2024-02-17,user-123,2
338,2024-02-17T00:00:00,20,2024-02-17,user-123,3
339,2024-02-17T00:00:00,25,2024-02-17,user-123,4
340,2024-02-17T00:00:00,30,2024-02-17,user-123,1
341,2024-02-17T00:00:00,35,2024-02-17,user-123,2
342,2024-02-17T00:00:00,40,2024-02-17,user-123,3
343,2024-02-17T00:00:00,45,2024-02-17,user-123,4
344,2024-02-18T00:00:00,10,2024-02-18,user-123,1
345,2024-02-18T00:00:00,15,2024-02-18,user-123,2
346,2024-02-18T00:00:00,20,2024-02-18,user-123,3
347,2024-02-18T00:00:00,25,2024-02-18,user-123,4
348,2024-02-18T00:00:00,30,2024-02-18,user-123,1
349,2024-02-18T00:00:00,35,2024-02-18,user-123,2
350,2024-02-18T00:00:00,40,2024-02-18,user-123,3
351,2024-02-19T00:00:00,45,2024-02-19,user-123,4
352,2024-02-19T00:00:00,10,2024-02-19,user-123,1
353,2024-02-19T00:00:00,15,2024-02-19,user-123,2
354,2024-02-19T00:00:00,20,2024-02-19,user-123,3
355,2024-02-19T00:00:00,25,2024-02-19,user-123,4
356,2024-02-19T00:00:00,30,2024-02-19,user-123,1
357,2024-02-19T00:00:00,35,2024-02-19,user-123,2
358,2024-02-20T00:00:00,40,2024-02-20,user-123,3
359,2024-02-20T00:00:00,45,2024-02-20,user-123,4
360,2024-02-20T00:00:00,10,2024-02-20,user-123,1
361,2024-02-20T00:00:00,15,2024-02-20,user-123,2
362,2024-02-20T00:00:00,20,2024-02-20,user-123,3
363,2024-02-20T00:00:00,25,2024-02-20,user-123,4
364,2024-02-20T00:00:00,30,2024-02-20,user-123,1
365,2024-02-21T00:00:00,35,2024-02-21,user-123,2
366,2024-02-21T00:00:00,40,2024-02-21,user-123,3
367,2024-02-21T00:00:00,45,2024-02-21,user-123,4
368,2024-02-21T00:00:00,10,2024-02-21,user-123,1
369,2024-02-21T00:00:00,15,2024-02-21,user-123,2
370,2024-02-21T00:00:00,20,2024-02-21,user-123,3
371,2024-02-21T00:00:00,25,2024-02-21,user-123,4
372,2024-02-22T00:00:00,30,2024-02-22,user-123,1
373,2024-02-22T00:00:00,35,2024-02-22,user-123,2
374,2024-02-22T00:00:00,40,2024-02-22,user-123,3
375,2024-02-22T00:00:00,45,2024-02-22,user-123,4
376,2024-02-22T00:00:00,10,2024-02-22,user-123,1
377,2024-02-22T00:00:00,15,2024-02-22,user-123,2
378,2024-02-22T00:00:00,20,2024-02-22,user-123,3
379,2024-02-23T00:00:00,25,2024-02-23,user-123,4
380,2024-02-23T00:00:00,30,2024-02-23,user-123,1
381,2024-02-23T00:00:00,35,2024-02-23,user-123,2
382,2024-02-23T00:00:00,40,2024-02-23,user-123,3
383,2024-02-23T00:00:00,45,2024-02-23,user-123,4
384,2024-02-23T00:00:00,10,2024-02-23,user-123,1
385,2024-02-23T00:00:00,15,2024-02-23,user-123,2
386,2024-02-24T00:00:00,20,2024-02-24,user-123,3
387,2024-02-24T00:00:00,25,2024-02-24,user-123,4
388,2024-02-24T00:00:00,30,2024-02-24,user-123,1
389,2024-02-24T00:00:00,35,2024-02-24,user-123,2
390,2024-02-24T00:00:00,40,2024-02-24,user-123,3
391,2024-02-24T00:00:00,45,2024-02-24,user-123,4
392,2024-02-24T00:00:00,10,2024-02-24,user-123,1
393,2024-02-25T00:00:00,15,2024-02-25,user-123,2
394,2024-02-25T00:00:00,20,2024-02-25,user-123,3
395,2024-02-25T00:00:00,25,2024-02-25,user-123,4
396,2024-02-25T00:00:00,30,2024-02-25,user-123,1
397,2024-02-25T00:00:00,35,2024-02-25,user-123,2
398,2024-02-25T00:00:00,40,2024-02-25,user-123,3
399,2024-02-25T00:00:00,45,2024-02-25,user-123,4
400,2024-02-26T00:00:00,10,2024-02-26,user-123,1
401,2024-02-26T00:00:00,15,2024-02-26,user-123,2
402,2024-02-26T00:00:00,20,2024-02-26,user-123,3
403,2024-02-26T00:00:00,25,2024-02-26,user-123,4
404,2024-02-26T00:00:00,30,2024-02-26,user-123,1
405,2024-02-26T00:00:00,35,2024-02-26,user-123,2
406,2024-02-26T00:00:00,40,2024-02-26,user-123,3
407,2024-02-27T00:00:00,45,2024-02-27,user-123,4
408,2024-02-27T00:00:00,10,2024-02-27,user-123,1
409,2024-02-27T00:00:00,15,2024-02-27,user-123,2
410,2024-02-27T00:00:00,20,2024-02-27,user-123,3
411,2024-02-27T00:00:00,25,2024-02-27,user-123,4
412,2024-02-27T00:00:00,30,2024-02-27,user-123,1
413,2024-02-27T00:00:00,35,2024-02-27,user-123,2
414,2024-02-28T00:00:00,40,2024-02-28,user-123,3
415,2024-02-28T00:00:00,45,2024-02-28,user-123,4
416,2024-02-28T00:00:00,10,2024-02-28,user-123,1
417,2024-02-28T00:00:00,15,2024-02-28,user-123,2
418,2024-02-28T00:00:00,20,2024-02-28,user-123,3
419,2024-02-28T00:00:00,25,2024-02-28,user-123,4
420,2024-02-28T00:00:00,30,2024-02-28,user-123,1
421,2024-02-29T00:00:00,35,2024-02-29,user-123,2
422,2024-02-29T00:00:00,40,2024-02-29,user-123,3
423,2024-02-29T00:00:00,45,2024-02-29,user-123,4
424,2024-02-29T00:00:00,10,2024-02-29,user-123,1
425,2024-02-29T00:00:00,15,2024-02-29,user-123,2
426,2024-02-29T00:00:00,20,2024-02-29,user-123,3
427,2024-02-29T00:00:00,25,2024-02-29,user-123,4
428,2024-03-01T00:00:00,30,2024-03-01,user-123,1
429,2024-03-01T00:00:00,35,2024-03-01,user-123,2
430,2024-03-01T00:00:00,40,2024-03-01,user-123,3
431,2024-03-01T00:00:00,45,2024-03-01,user-123,4
432,2024-03-01T00:00:00,10,2024-03-01,user-123,1
433,2024-03-01T00:00:00,15,2024-03-01,user-123,2
434,2024-03-01T00:00:00,20,2024-03-01,user-123,3
435,2024-03-02T00:00:00,25,2024-03-02,user-123,4
436,2024-03-02T00:00:00,30,2024-03-02,user-123,1
437,2024-03-02T00:00:00,35,2024-03-02,user-123,2
438,2024-03-02T00:00:00,40,2024-03-02,user-123,3
439,2024-03-02T00:00:00,45,2024-03-02,user-123,4
440,2024-03-02T00:00:00,10,2024-03-02,user-123,1
441,2024-03-02T00:00:00,15,2024-03-02,user-123,2
442,2024-03-03T00:00:00,20,2024-03-03,user-123,3
443,2024-03-03T00:00:00,25,2024-03-03,user-123,4
444,2024-03-03T00:00:00,30,2024-03-03,user-123,1
445,2024-03-03T00:00:00,35,2024-03-03,user-123,2
446,2024-03-03T00:00:00,40,2024-03-03,user-123,3
447,2024-03-03T00:00:00,45,2024-03-03,user-123,4
448,2024-03-03T00:00:00,10,2024-03-03,user-123,1
449,2024-03-04T00:00:00,15,2024-03-04,user-123,2
450,2024-03-04T00:00:00,20,2024-03-04,user-123,3
451,2024-03-04T00:00:00,25,2024-03-04,user-123,4
452,2024-03-04T00:00:00,30,2024-03-04,user-123,1
453,2024-03-04T00:00:00,35,2024-03-04,user-123,2
454,2024-03-04T00:00:00,40,2024-03-04,user-123,3
455,2024-03-04T00:00:00,45,2024-03-04,user-123,4
456,2024-03-05T00:00:00,10,2024-03-05,user-123,1
457,2024-03-05T00:00:00,15,2024-03-05,user-123,2
458,2024-03-05T00:00:00,20,2024-03-05,user-123,3
459,2024-03-05T00:00:00,25,2024-03-05,user-123,4
460,2024-03-05T00:00:00,30,2024-03-05,user-123,1
461,2024-03-05T00:00:00,35,2024-03-05,user-123,2
462,2024-03-05T00:00:00,40,2024-03-05,user-123,3
463,2024-03-06T00:00:00,45,2024-03-06,user-123,4
464,2024-03-06T00:00:00,10,2024-03-06,user-123,1
465,2024-03-06T00:00:00,15,2024-03-06,user-123,2
466,2024-03-06T00:00:00,20,2024-03-06,user-123,3
467,2024-03-06T00:00:00,25,2024-03-06,user-123,4
468,2024-03-06T00:00:00,30,2024-03-06,user-123,1
469,2024-03-06T00:00:00,35,2024-03-06,user-123,2
470,2024-03-07T00:00:00,40,2024-03-07,user-123,3
471,2024-03-07T00:00:00,45,2024-03-07,user-123,4
472,2024-03-07T00:00:00,10,2024-03-07,user-123,1
473,2024-03-07T00:00:00,15,2024-03-07,user-123,2
474,2024-03-07T00:00:00,20,2024-03-07,user-123,3
475,2024-03-07T00:00:00,25,2024-03-07,user-123,4
476,2024-03-07T00:00:00,30,2024-03-07,user-123,1
477,2024-03-08T00:00:00,35,2024-03-08,user-123,2
478,2024-03-08T00:00:00,40,2024-03-08,user-123,3
479,2024-03-08T00:00:00,45,2024-03-08,user-123,4
480,2024-03-08T00:00:00,10,2024-03-08,user-123,1
481,2024-03-08T00:00:00,15,2024-03-08,user-123,2
482,2024-03-08T00:00:00,20,2024-03-08,user-123,3
483,2024-03-08T00:00:00,25,2024-03-08,user-123,4
484,2024-03-09T00:00:00,30,2024-03-09,user-123,1
485,2024-03-09T00:00:00,35,2024-03-09,user-123,2
486,2024-03-09T00:00:00,40,2024-03-09,user-123,3
487,2024-03-09T00:00:00,45,2024-03-09,user-123,4
488,2024-03-09T00:00:00,10,2024-03-09,user-123,1
489,2024-03-09T00:00:00,15,2024-03-09,user-123,2
490,2024-03-09T00:00:00,20,2024-03-09,user-123,3
491,2024-03-10T00:00:00,25,2024-03-10,user-123,4
492,2024-03-10T00:00:00,30,2024-03-10,user-123,1
493,2024-03-10T00:00:00,35,2024-03-10,user-123,2
494,2024-03-10T00:00:00,40,2024-03-10,user-123,3
495,2024-03-10T00:00:00,45,2024-03-10,user-123,4
496,2024-03-10T00:00:00,10,2024-03-10,user-123,1
497,2024-03-10T00:00:00,15,2024-03-10,user-123,2
498,2024-03-11T00:00:00,20,2024-03-11,user-123,3
499,2024-03-11T00:00:00,25,2024-03-11,user-123,4
500,2024-03-11T00:00:00,30,2024-03-11,user-123,1
501,2024-03-11T00:00:00,35,2024-03-11,user-123,2
502,2024-03-11T00:00:00,40,2024-03-11,user-123,3
503,2024-03-11T00:00:00,45,2024-03-11,user-123,4
504,2024-03-11T00:00:00,10,2024-03-11,user-123,1
505,2024-03-12T00:00:00,15,2024-03-12,user-123,2
506,2024-03-12T00:00:00,20,2024-03-12,user-123,3
507,2024-03-12T00:00:00,25,2024-03-12,user-123,4
508,2024-03-12T00:00:00,30,2024-03-12,user-123,1
509,2024-03-12T00:00:00,35,2024-03-12,user-123,2
510,2024-03-12T00:00:00,40,2024-03-12,user-123,3
511,2024-03-12T00:00:00,45,2024-03-12,user-123,4
512,2024-03-13T00:00:00,10,2024-03-13,user-123,1
513,2024-03-13T00:00:00,15,2024-03-13,user-123,2
514,2024-03-13T00:00:00,20,2024-03-13,user-123,3
515,2024-03-13T00:00:00,25,2024-03-13,user-123,4
516,2024-03-13T00:00:00,30,2024-03-13,user-123,1
517,2024-03-13T00:00:00,35,2024-03-13,user-123,2
518,2024-03-13T00:00:00,40,2024-03-13,user-123,3
519,2024-03-14T00:00:00,45,2024-03-14,user-123,4
520,2024-03-14T00:00:00,10,2024-03-14,user-123,1
521,2024-03-14T00:00:00,15,2024-03-14,user-123,2
522,2024-03-14T00:00:00,20,2024-03-14,user-123,3
523,2024-03-14T00:00:00,25,2024-03-14,user-123,4
524,2024-03-14T00:00:00,30,2024-03-14,user-123,1
525,2024-03-14T00:00:00,35,2024-03-14,user-123,2
526,2024-03-15T00:00:00,40,2024-03-15,user-123,3
527,2024-03-15T00:00:00,45,2024-03-15,user-123,4
528,2024-03-15T00:00:00,10,2024-03-15,user-123,1
529,2024-03-15T00:00:00,15,2024-03-15,user-123,2
530,2024-03-15T00:00:00,20,2024-03-15,user-123,3
531,2024-03-15T00:00:00,25,2024-03-15,user-123,4
532,2024-03-15T00:00:00,30,2024-03-15,user-123,1
533,2024-03-16T00:00:00,35,2024-03-16,user-123,2
534,2024-03-16T00:00:00,40,2024-03-16,user-123,3
535,2024-03-16T00:00:00,45,2024-03-16,user-123,4
536,2024-03-16T00:00:00,10,2024-03-16,user-123,1
537,2024-03-16T00:00:00,15,2024-03-16,user-123,2
538,2024-03-16T00:00:00,20,2024-03-16,user-123,3
539,2024-03-16T00:00:00,25,2024-03-16,user-123,4
540,2024-03-17T00:00:00,30,2024-03-17,user-123,1
541,2024-03-17T00:00:00,35,2024-03-17,user-123,2
542,2024-03-17T00:00:00,40,2024-03-17,user-123,3
543,2024-03-17T00:00:00,45,2024-03-17,user-123,4
544,2024-03-17T00:00:00,10,2024-03-17,user-123,1
545,2024-03-17T00:00:00,15,2024-03-17,user-123,2
546,2024-03-17T00:00:00,20,2024-03-17,user-123,3
547,2024-03-18T00:00:00,25,2024-03-18,user-123,4
548,2024-03-18T00:00:00,30,2024-03-18,user-123,1
549,2024-03-18T00:00:00,35,2024-03-18,user-123,2
550,2024-03-18T00:00:00,40,2024-03-18,user-123,3
551,2024-03-18T00:00:00,45,2024-03-18,user-123,4
552,2024-03-18T00:00:00,10,2024-03-18,user-123,1
553,2024-03-18T00:00:00,15,2024-03-18,user-123,2
554,2024-03-19T00:00:00,20,2024-03-19,user-123,3
555,2024-03-19T00:00:00,25,2024-03-19,user-123,4
556,2024-03-19T00:00:00,30,2024-03-19,user-123,1
557,2024-03-19T00:00:00,35,2024-03-19,user-123,2
558,2024-03-19T00:00:00,40,2024-03-19,user-123,3
559,2024-03-19T00:00:00,45,2024-03-19,user-123,4
560,2024-03-19T00:00:00,10,2024-03-19,user-123,1
561,2024-03-20T00:00:00,15,2024-03-20,user-123,2
562,2024-03-20T00:00:00,20,2024-03-20,user-123,3
563,2024-03-20T00:00:00,25,2024-03-20,user-123,4
564,2024-03-20T00:00:00,30,2024-03-20,user-123,1
565,2024-03-20T00:00:00,35,2024-03-20,user-123,2
566,2024-03-20T00:00:00,40,2024-03-20,user-123,3
567,2024-03-20T00:00:00,45,2024-03-20,user-123,4
568,2024-03-21T00:00:00,10,2024-03-21,user-123,1
569,2024-03-21T00:00:00,15,2024-03-21,user-123,2
570,2024-03-21T00:00:00,20,2024-03-21,user-123,3
571,2024-03-21T00:00:00,25,2024-03-21,user-123,4
572,2024-03-21T00:00:00,30,2024-03-21,user-123,1
573,2024-03-21T00:00:00,35,2024-03-21,user-123,2
574,2024-03-21T00:00:00,40,2024-03-21,user-123,3
575,2024-03-22T00:00:00,45,2024-03-22,user-123,4
576,2024-03-22T00:00:00,10,2024-03-22,user-123,1
577,2024-03-22T00:00:00,15,2024-03-22,user-123,2
578,2024-03-22T00:00:00,20,2024-03-22,user-123,3
579,2024-03-22T00:00:00,25,2024-03-22,user-123,4
580,2024-03-22T00:00:00,30,2024-03-22,user-123,1
581,2024-03-22T00:00:00,35,2024-03-22,user-123,2
582,2024-03-23T00:00:00,40,2024-03-23,user-123,3
583,2024-03-23T00:00:00,45,2024-03-23,user-123,4
584,2024-03-23T00:00:00,10,2024-03-23,user-123,1
585,2024-03-23T00:00:00,15,2024-03-23,user-123,2
586,2024-03-23T00:00:00,20,2024-03-23,user-123,3
587,2024-03-23T00:00:00,25,2024-03-23,user-123,4
588,2024-03-23T00:00:00,30,2024-03-23,user-123,1
589,2024-03-24T00:00:00,35,2024-03-24,user-123,2
590,2024-03-24T00:00:00,40,2024-03-24,user-123,3
591,2024-03-24T00:00:00,45,2024-03-24,user-123,4
592,2024-03-24T00:00:00,10,2024-03-24,user-123,1
593,2024-03-24T00:00:00,15,2024-03-24,user-123,2
594,2024-03-24T00:00:00,20,2024-03-24,user-123,3
595,2024-03-24T00:00:00,25,2024-03-24,user-123,4
596,2024-03-25T00:00:00,30,2024-03-25,user-123,1
597,2024-03-25T00:00:00,35,2024-03-25,user-123,2
598,2024-03-25T00:00:00,40,2024-03-25,user-123,3
599,2024-03-25T00:00:00,45,2024-03-25,user-123,4
600,2024-03-25T00:00:00,10,2024-03-25,user-123,1
601,2024-03-25T00:00:00,15,2024-03-25,user-123,2
602,2024-03-25T00:00:00,20,2024-03-25,user-123,3
603,2024-03-26T00:00:00,25,2024-03-26,user-123,4
604,2024-03-26T00:00:00,30,2024-03-26,user-123,1
605,2024-03-26T00:00:00,35,2024-03-26,user-123,2
606,2024-03-26T00:00:00,40,2024-03-26,user-123,3
607,2024-03-26T00:00:00,45,2024-03-26,user-123,4
608,2024-03-26T00:00:00,10,2024-03-26,user-123,1
609,2024-03-26T00:00:00,15,2024-03-26,user-123,2
610,2024-03-27T00:00:00,20,2024-03-27,user-123,3
611,2024-03-27T00:00:00,25,2024-03-27,user-123,4
612,2024-03-27T00:00:00,30,2024-03-27,user-123,1
613,2024-03-27T00:00:00,35,2024-03-27,user-123,2
614,2024-03-27T00:00:00,40,2024-03-27,user-123,3
615,2024-03-27T00:00:00,45,2024-03-27,user-123,4
616,2024-03-27T00:00:00,10,2024-03-27,user-123,1
617,2024-03-28T00:00:00,15,2024-03-28,user-123,2
618,2024-03-28T00:00:00,20,2024-03-28,user-123,3
619,2024-03-28T00:00:00,25,2024-03-28,user-123,4
620,2024-03-28T00:00:00,30,2024-03-28,user-123,1
621,2024-03-28T00:00:00,35,2024-03-28,user-123,2
622,2024-03-28T00:00:00,40,2024-03-28,user-123,3
623,2024-03-28T00:00:00,45,2024-03-28,user-123,4
624,2024-03-29T00:00:00,10,2024-03-29,user-123,1
625,2024-03-29T00:00:00,15,2024-03-29,user-123,2
626,2024-03-29T00:00:00,20,2024-03-29,user-123,3
627,2024-03-29T00:00:00,25,2024-03-29,user-123,4
628,2024-03-29T00:00:00,30,2024-03-29,user-123,1
629,2024-03-29T00:00:00,35,2024-03-29,user-123,2
630,2024-03-29T00:00:00,40,2024-03-29,user-123,3
631,2024-03-30T00:00:00,45,2024-03-30,user-123,4
632,2024-03-30T00:00:00,10,2024-03-30,user-123,1
633,2024-03-30T00:00:00,15,2024-03-30,user-123,2
634,2024-03-30T00:00:00,20,2024-03-30,user-123,3
635,2024-03-30T00:00:00,25,2024-03-30,user-123,4
636,2024-03-30T00:00:00,30,2024-03-30,user-123,1
637,2024-03-30T00:00:00,35,2024-03-30,user-123,2
638,2024-03-31T00:00:00,40,2024-03-31,user-123,3
639,2024-03-31T00:00:00,45,2024-03-31,user-123,4
640,2024-03-31T00:00:00,10,2024-03-31,user-123,1
641,2024-03-31T00:00:00,15,2024-03-31,user-123,2
642,2024-03-31T00:00:00,20,2024-03-31,user-123,3
643,2024-03-31T00:00:00,25,2024-03-31,user-123,4
644,2024-03-31T00:00:00,30,2024-03-31,user-123,1
645,2024-03-31T00:00:00,35,2024-03-31,user-123,2
646,2024-03-31T00:00:00,40,2024-03-31,user-123,3
647,2024-03-31T00:00:00,45,2024-03-31,user-123,4
648,2024-03-31T00:00:00,10,2024-03-31,user-123,1
649,2024-03-31T00:00:00,15,2024-03-31,user-123,2
650,2024-03-31T00:00:00,20,2024-03-31,user-123,3
651,2024-03-31T00:00:00,25,2024-03-31,user-123,4
652,2024-04-01T00:00:00,30,2024-04-01,user-123,1
653,2024-04-01T00:00:00,35,2024-04-01,user-123,2
654,2024-04-01T00:00:00,40,2024-04-01,user-123,3
655,2024-04-01T00:00:00,45,2024-04-01,user-123,4
656,2024-04-01T00:00:00,10,2024-04-01,user-123,1
657,2024-04-01T00:00:00,15,2024-04-01,user-123,2
658,2024-04-01T00:00:00,20,2024-04-01,user-123,3
659,2024-04-02T00:00:00,25,2024-04-02,user-123,4
660,2024-04-02T00:00:00,30,2024-04-02,user-123,1
661,2024-04-02T00:00:00,35,2024-04-02,user-123,2
662,2024-04-02T00:00:00,40,2024-04-02,user-123,3
663,2024-04-02T00:00:00,45,2024-04-02,user-123,4
664,2024-04-02T00:00:00,10,2024-04-02,user-123,1
665,2024-04-02T00:00:00,15,2024-04-02,user-123,2
666,2024-04-03T00:00:00,20,2024-04-03,user-123,3
667,2024-04-03T00:00:00,25,2024-04-03,user-123,4
668,2024-04-03T00:00:00,30,2024-04-03,user-123,1
669,2024-04-03T00:00:00,35,2024-04-03,user-123,2
670,2024-04-03T00:00:00,40,2024-04-03,user-123,3
671,2024-04-03T00:00:00,45,2024-04-03,user-123,4
672,2024-04-03T00:00:00,10,2024-04-03,user-123,1
673,2024-04-04T00:00:00,15,2024-04-04,user-123,2
674,2024-04-04T00:00:00,20,2024-04-04,user-123,3
675,2024-04-04T00:00:00,25,2024-04-04,user-123,4
676,2024-04-04T00:00:00,30,2024-04-04,user-123,1
677,2024-04-04T00:00:00,35,2024-04-04,user-123,2
678,2024-04-04T00:00:00,40,2024-04-04,user-123,3
679,2024-04-04T00:00:00,45,2024-04-04,user-123,4
680,2024-04-05T00:00:00,10,2024-04-05,user-123,1
681,2024-04-05T00:00:00,15,2024-04-05,user-123,2
682,2024-04-05T00:00:00,20,2024-04-05,user-123,3
683,2024-04-05T00:00:00,25,2024-04-05,user-123,4
684,2024-04-05T00:00:00,30,2024-04-05,user-123,1
685,2024-04-05T00:00:00,35,2024-04-05,user-123,2
686,2024-04-05T00:00:00,40,2024-04-05,user-123,3
687,2024-04-06T00:00:00,45,2024-04-06,user-123,4
688,2024-04-06T00:00:00,10,2024-04-06,user-123,1
689,2024-04-06T00:00:00,15,2024-04-06,user-123,2
690,2024-04-06T00:00:00,20,2024-04-06,user-123,3
691,2024-04-06T00:00:00,25,2024-04-06,user-123,4
692,2024-04-06T00:00:00,30,2024-04-06,user-123,1
693,2024-04-06T00:00:00,35,2024-04-06,user-123,2
694,2024-04-07T00:00:00,40,2024-04-07,user-123,3
695,2024-04-07T00:00:00,45,2024-04-07,user-123,4
696,2024-04-07T00:00:00,10,2024-04-07,user-123,1
697,2024-04-07T00:00:00,15,2024-04-07,user-123,2
698,2024-04-07T00:00:00,20,2024-04-07,user-123,3
699,2024-04-07T00:00:00,25,2024-04-07,user-123,4
700,2024-04-07T00:00:00,30,2024-04-07,user-123,1
701,2024-04-08T00:00:00,35,2024-04-08,user-123,2
702,2024-04-08T00:00:00,40,2024-04-08,user-123,3
703,2024-04-08T00:00:00,45,2024-04-08,user-123,4
704,2024-04-08T00:00:00,10,2024-04-08,user-123,1
705,2024-04-08T00:00:00,15,2024-04-08,user-123,2
706,2024-04-08T00:00:00,20,2024-04-08,user-123,3
707,2024-04-08T00:00:00,25,2024-04-08,user-123,4
708,2024-04-09T00:00:00,30,2024-04-09,user-123,1
709,2024-04-09T00:00:00,35,2024-04-09,user-123,2
710,2024-04-09T00:00:00,40,2024-04-09,user-123,3
711,2024-04-09T00:00:00,45,2024-04-09,user-123,4
712,2024-04-09T00:00:00,10,2024-04-09,user-123,1
713,2024-04-09T00:00:00,15,2024-04-09,user-123,2
714,2024-04-09T00:00:00,20,2024-04-09,user-123,3
715,2024-04-10T00:00:00,25,2024-04-10,user-123,4
716,2024-04-10T00:00:00,30,2024-04-10,user-123,1
717,2024-04-10T00:00:00,35,2024-04-10,user-123,2
718,2024-04-10T00:00:00,40,2024-04-10,user-123,3
719,2024-04-10T00:00:00,45,2024-04-10,user-123,4
720,2024-04-10T00:00:00,10,2024-04-10,user-123,1
721,2024-04-10T00:00:00,15,2024-04-10,user-123,2
722,2024-04-11T00:00:00,20,2024-04-11,user-123,3
723,2024-04-11T00:00:00,25,2024-04-11,user-123,4
724,2024-04-11T00:00:00,30,2024-04-11,user-123,1
725,2024-04-11T00:00:00,35,2024-04-11,user-123,2
726,2024-04-11T00:00:00,40,2024-04-11,user-123,3
727,2024-04-11T00:00:00,45,2024-04-11,user-123,4
728,2024-04-11T00:00:00,10,2024-04-11,user-123,1
729,2024-04-12T00:00:00,15,2024-04-12,user-123,2
730,2024-04-12T00:00:00,20,2024-04-12,user-123,3
731,2024-04-12T00:00:00,25,2024-04-12,user-123,4
732,2024-04-12T00:00:00,30,2024-04-12,user-123,1
733,2024-04-12T00:00:00,35,2024-04-12,user-123,2
734,2024-04-12T00:00:00,40,2024-04-12,user-123,3
735,2024-04-12T00:00:00,45,2024-04-12,user-123,4
736,2024-04-13T00:00:00,10,2024-04-13,user-123,1
737,2024-04-13T00:00:00,15,2024-04-13,user-123,2
738,2024-04-13T00:00:00,20,2024-04-13,user-123,3
739,2024-04-13T00:00:00,25,2024-04-13,user-123,4
740,2024-04-13T00:00:00,30,2024-04-13,user-123,1
741,2024-04-13T00:00:00,35,2024-04-13,user-123,2
742,2024-04-13T00:00:00,40,2024-04-13,user-123,3
743,2024-04-14T00:00:00,45,2024-04-14,user-123,4
744,2024-04-14T00:00:00,10,2024-04-14,user-123,1
745,2024-04-14T00:00:00,15,2024-04-14,user-123,2
746,2024-04-14T00:00:00,20,2024-04-14,user-123,3
747,2024-04-14T00:00:00,25,2024-04-14,user-123,4
748,2024-04-14T00:00:00,30,2024-04-14,user-123,1
749,2024-04-14T00:00:00,35,2024-04-14,user-123,2
750,2024-04-15T00:00:00,40,2024-04-15,user-123,3
751,2024-04-15T00:00:00,45,2024-04-15,user-123,4
752,2024-04-15T00:00:00,10,2024-04-15,user-123,1
753,2024-04-15T00:00:00,15,2024-04-15,user-123,2
754,2024-04-15T00:00:00,20,2024-04-15,user-123,3
755,2024-04-15T00:00:00,25,2024-04-15,user-123,4
756,2024-04-15T00:00:00,30,2024-04-15,user-123,1
757,2024-04-16T00:00:00,35,2024-04-16,user-123,2
758,2024-04-16T00:00:00,40,2024-04-16,user-123,3
759,2024-04-16T00:00:00,45,2024-04-16,user-123,4
760,2024-04-16T00:00:00,10,2024-04-16,user-123,1
761,2024-04-16T00:00:00,15,2024-04-16,user-123,2
762,2024-04-16T00:00:00,20,2024-04-16,user-123,3
763,2024-04-16T00:00:00,25,2024-04-16,user-123,4
764,2024-04-17T00:00:00,30,2024-04-17,user-123,1
765,2024-04-17T00:00:00,35,2024-04-17,user-123,2
766,2024-04-17T00:00:00,40,2024-04-17,user-123,3
767,2024-04-17T00:00:00,45,2024-04-17,user-123,4
768,2024-04-17T00:00:00,10,2024-04-17,user-123,1
769,2024-04-17T00:00:00,15,2024-04-17,user-123,2
770,2024-04-17T00:00:00,20,2024-04-17,user-123,3
771,2024-04-18T00:00:00,25,2024-04-18,user-123,4
772,2024-04-18T00:00:00,30,2024-04-18,user-123,1
773,2024-04-18T00:00:00,35,2024-04-18,user-123,2
774,2024-04-18T00:00:00,40,2024-04-18,user-123,3
775,2024-04-18T00:00:00,45,2024-04-18,user-123,4
776,2024-04-18T00:00:00,10,2024-04-18,user-123,1
777,2024-04-18T00:00:00,15,2024-04-18,user-123,2
778,2024-04-19T00:00:00,20,2024-04-19,user-123,3
779,2024-04-19T00:00:00,25,2024-04-19,user-123,4
780,2024-04-19T00:00:00,30,2024-04-19,user-123,1
781,2024-04-19T00:00:00,35,2024-04-19,user-123,2
782,2024-04-19T00:00:00,40,2024-04-19,user-123,3
783,2024-04-19T00:00:00,45,2024-04-19,user-123,4
784,2024-04-19T00:00:00,10,2024-04-19,user-123,1
785,2024-04-20T00:00:00,15,2024-04-20,user-123,2
786,2024-04-20T00:00:00,20,2024-04-20,user-123,3
787,2024-04-20T00:00:00,25,2024-04-20,user-123,4
788,2024-04-20T00:00:00,30,2024-04-20,user-123,1
789,2024-04-20T00:00:00,35,2024-04-20,user-123,2
790,2024-04-20T00:00:00,40,2024-04-20,user-123,3
791,2024-04-20T00:00:00,45,2024-04-20,user-123,4
792,2024-04-21T00:00:00,10,2024-04-21,user-123,1
793,2024-04-21T00:00:00,15,2024-04-21,user-123,2
794,2024-04-21T00:00:00,20,2024-04-21,user-123,3
795,2024-04-21T00:00:00,25,2024-04-21,user-123,4
796,2024-04-21T00:00:00,30,2024-04-21,user-123,1
797,2024-04-21T00:00:00,35,2024-04-21,user-123,2
798,2024-04-21T00:00:00,40,2024-04-21,user-123,3
799,2024-04-22T00:00:00,45,2024-04-22,user-123,4
800,2024-04-22T00:00:00,10,2024-04-22,user-123,1
801,2024-04-22T00:00:00,15,2024-04-22,user-123,2
802,2024-04-22T00:00:00,20,2024-04-22,user-123,3
803,2024-04-22T00:00:00,25,2024-04-22,user-123,4
804,2024-04-22T00:00:00,30,2024-04-22,user-123,1
805,2024-04-22T00:00:00,35,2024-04-22,user-123,2
806,2024-04-23T00:00:00,40,2024-04-23,user-123,3
807,2024-04-23T00:00:00,45,2024-04-23,user-123,4
808,2024-04-23T00:00:00,10,2024-04-23,user-123,1
809,2024-04-23T00:00:00,15,2024-04-23,user-123,2
810,2024-04-23T00:00:00,20,2024-04-23,user-123,3
811,2024-04-23T00:00:00,25,2024-04-23,user-123,4
812,2024-04-23T00:00:00,30,2024-04-23,user-123,1
813,2024-04-24T00:00:00,35,2024-04-24,user-123,2
814,2024-04-24T00:00:00,40,2024-04-24,user-123,3
815,2024-04-24T00:00:00,45,2024-04-24,user-123,4
816,2024-04-24T00:00:00,10,2024-04-24,user-123,1
817,2024-04-24T00:00:00,15,2024-04-24,user-123,2
818,2024-04-24T00:00:00,20,2024-04-24,user-123,3
819,2024-04-24T00:00:00,25,2024-04-24,user-123,4
820,2024-04-25T00:00:00,30,2024-04-25,user-123,1
821,2024-04-25T00:00:00,35,2024-04-25,user-123,2
822,2024-04-25T00:00:00,40,2024-04-25,user-123,3
823,2024-04-25T00:00:00,45,2024-04-25,user-123,4
824,2024-04-25T00:00:00,10,2024-04-25,user-123,1
825,2024-04-25T00:00:00,15,2024-04-25,user-123,2
826,2024-04-25T00:00:00,20,2024-04-25,user-123,3
827,2024-04-26T00:00:00,25,2024-04-26,user-123,4
828,2024-04-26T00:00:00,30,2024-04-26,user-123,1
829,2024-04-26T00:00:00,35,2024-04-26,user-123,2
830,2024-04-26T00:00:00,40,2024-04-26,user-123,3
831,2024-04-26T00:00:00,45,2024-04-26,user-123,4
832,2024-04-26T00:00:00,10,2024-04-26,user-123,1
833,2024-04-26T00:00:00,15,2024-04-26,user-123,2
834,2024-04-27T00:00:00,20,2024-04-27,user-123,3
835,2024-04-27T00:00:00,25,2024-04-27,user-123,4
836,2024-04-27T00:00:00,30,2024-04-27,user-123,1
837,2024-04-27T00:00:00,35,2024-04-27,user-123,2
838,2024-04-27T00:00:00,40,2024-04-27,user-123,3
839,2024-04-27T00:00:00,45,2024-04-27,user-123,4
840,2024-04-27T00:00:00,10,2024-04-27,user-123,1
841,2024-04-28T00:00:00,15,2024-04-28,user-123,2
842,2024-04-28T00:00:00,20,2024-04-28,user-123,3
843,2024-04-28T00:00:00,25,2024-04-28,user-123,4
844,2024-04-28T00:00:00,30,2024-04-28,user-123,1
845,2024-04-28T00:00:00,35,2024-04-28,user-123,2
846,2024-04-28T00:00:00,40,2024-04-28,user-123,3
847,2024-04-28T00:00:00,45,2024-04-28,user-123,4
848,2024-04-29T00:00:00,10,2024-04-29,user-123,1
849,2024-04-29T00:00:00,15,2024-04-29,user-123,2
850,2024-04-29T00:00:00,20,2024-04-29,user-123,3
851,2024-04-29T00:00:00,25,2024-04-29,user-123,4
852,2024-04-29T00:00:00,30,2024-04-29,user-123,1
853,2024-04-29T00:00:00,35,2024-04-29,user-123,2
854,2024-04-29T00:00:00,40,2024-04-29,user-123,3
855,2024-04-30T00:00:00,45,2024-04-30,user-123,4
856,2024-04-30T00:00:00,10,2024-04-30,user-123,1
857,2024-04-30T00:00:00,15,2024-04-30,user-123,2
858,2024-04-30T00:00:00,20,2024-04-30,user-123,3
859,2024-04-30T00:00:00,25,2024-04-30,user-123,4
860,2024-04-30T00:00:00,30,2024-04-30,user-123,1
861,2024-04-30T00:00:00,35,2024-04-30,user-123,2
862,2024-04-30T00:00:00,40,2024-04-30,user-123,3
863,2024-04-30T00:00:00,45,2024-04-30,user-123,4
864,2024-04-30T00:00:00,10,2024-04-30,user-123,1
865,2024-04-30T00:00:00,15,2024-04-30,user-123,2
866,2024-04-30T00:00:00,20,2024-04-30,user-123,3
867,2024-04-30T00:00:00,25,2024-04-30,user-123,4
868,2024-04-30T00:00:00,30,2024-04-30,user-123,1
869,2024-05-01T00:00:00,35,2024-05-01,user-123,2
870,2024-05-01T00:00:00,40,2024-05-01,user-123,3
871,2024-05-01T00:00:00,45,2024-05-01,user-123,4
872,2024-05-01T00:00:00,10,2024-05-01,user-123,1
873,2024-05-01T00:00:00,15,2024-05-01,user-123,2
874,2024-05-01T00:00:00,20,2024-05-01,user-123,3
875,2024-05-01T00:00:00,25,2024-05-01,user-123,4
876,2024-05-02T00:00:00,30,2024-05-02,user-123,1
877,2024-05-02T00:00:00,35,2024-05-02,user-123,2
878,2024-05-02T00:00:00,40,2024-05-02,user-123,3
879,2024-05-02T00:00:00,45,2024-05-02,user-123,4
880,2024-05-02T00:00:00,10,2024-05-02,user-123,1
881,2024-05-02T00:00:00,15,2024-05-02,user-123,2
882,2024-05-02T00:00:00,20,2024-05-02,user-123,3
883,2024-05-03T00:00:00,25,2024-05-03,user-123,4
884,2024-05-03T00:00:00,30,2024-05-03,user-123,1
885,2024-05-03T00:00:00,35,2024-05-03,user-123,2
886,2024-05-03T00:00:00,40,2024-05-03,user-123,3
887,2024-05-03T00:00:00,45,2024-05-03,user-123,4
888,2024-05-03T00:00:00,10,2024-05-03,user-123,1
889,2024-05-03T00:00:00,15,2024-05-03,user-123,2
890,2024-05-04T00:00:00,20,2024-05-04,user-123,3
891,2024-05-04T00:00:00,25,2024-05-04,user-123,4
892,2024-05-04T00:00:00,30,2024-05-04,user-123,1
893,2024-05-04T00:00:00,35,2024-05-04,user-123,2
894,2024-05-04T00:00:00,40,2024-05-04,user-123,3
895,2024-05-04T00:00:00,45,2024-05-04,user-123,4
896,2024-05-04T00:00:00,10,2024-05-04,user-123,1
897,2024-05-05T00:00:00,15,2024-05-05,user-123,2
898,2024-05-05T00:00:00,20,2024-05-05,user-123,3
899,2024-05-05T00:00:00,25,2024-05-05,user-123,4
900,2024-05-05T00:00:00,30,2024-05-05,user-123,1
901,2024-05-05T00:00:00,35,2024-05-05,user-123,2
902,2024-05-05T00:00:00,40,2024-05-05,user-123,3
903,2024-05-05T00:00:00,45,2024-05-05,user-123,4
904,2024-05-06T00:00:00,10,2024-05-06,user-123,1
905,2024-05-06T00:00:00,15,2024-05-06,user-123,2
906,2024-05-06T00:00:00,20,2024-05-06,user-123,3
907,2024-05-06T00:00:00,25,2024-05-06,user-123,4
908,2024-05-06T00:00:00,30,2024-05-06,user-123,1
909,2024-05-06T00:00:00,35,2024-05-06,user-123,2
910,2024-05-06T00:00:00,40,2024-05-06,user-123,3
911,2024-05-07T00:00:00,45,2024-05-07,user-123,4
912,2024-05-07T00:00:00,10,2024-05-07,user-123,1
913,2024-05-07T00:00:00,15,2024-05-07,user-123,2
914,2024-05-07T00:00:00,20,2024-05-07,user-123,3
915,2024-05-07T00:00:00,25,2024-05-07,user-123,4
916,2024-05-07T00:00:00,30,2024-05-07,user-123,1
917,2024-05-07T00:00:00,35,2024-05-07,user-123,2
918,2024-05-08T00:00:00,40,2024-05-08,user-123,3
919,2024-05-08T00:00:00,45,2024-05-08,user-123,4
920,2024-05-08T00:00:00,10,2024-05-08,user-123,1
921,2024-05-08T00:00:00,15,2024-05-08,user-123,2
922,2024-05-08T00:00:00,20,2024-05-08,user-123,3
923,2024-05-08T00:00:00,25,2024-05-08,user-123,4
924,2024-05-08T00:00:00,30,2024-05-08,user-123,1
925,2024-05-09T00:00:00,35,2024-05-09,user-123,2
926,2024-05-09T00:00:00,40,2024-05-09,user-123,3
927,2024-05-09T00:00:00,45,2024-05-09,user-123,4
928,2024-05-09T00:00:00,10,2024-05-09,user-123,1
929,2024-05-09T00:00:00,15,2024-05-09,user-123,2
930,2024-05-09T00:00:00,20,2024-05-09,user-123,3
931,2024-05-09T00:00:00,25,2024-05-09,user-123,4
932,2024-05-10T00:00:00,30,2024-05-10,user-123,1
933,2024-05-10T00:00:00,35,2024-05-10,user-123,2
934,2024-05-10T00:00:00,40,2024-05-10,user-123,3
935,2024-05-10T00:00:00,45,2024-05-10,user-123,4
936,2024-05-10T00:00:00,10,2024-05-10,user-123,1
937,2024-05-10T00:00:00,15,2024-05-10,user-123,2
938,2024-05-10T00:00:00,20,2024-05-10,user-123,3
939,2024-05-11T00:00:00,25,2024-05-11,user-123,4
940,2024-05-11T00:00:00,30,2024-05-11,user-123,1
941,2024-05-11T00:00:00,35,2024-05-11,user-123,2
942,2024-05-11T00:00:00,40,2024-05-11,user-123,3
943,2024-05-11T00:00:00,45,2024-05-11,user-123,4
944,2024-05-11T00:00:00,10,2024-05-11,user-123,1
945,2024-05-11T00:00:00,15,2024-05-11,user-123,2
946,2024-05-12T00:00:00,20,2024-05-12,user-123,3
947,2024-05-12T00:00:00,25,2024-05-12,user-123,4
948,2024-05-12T00:00:00,30,2024-05-12,user-123,1
949,2024-05-12T00:00:00,35,2024-05-12,user-123,2
950,2024-05-12T00:00:00,40,2024-05-12,user-123,3
951,2024-05-12T00:00:00,45,2024-05-12,user-123,4
952,2024-05-12T00:00:00,10,2024-05-12,user-123,1
953,2024-05-13T00:00:00,15,2024-05-13,user-123,2
954,2024-05-13T00:00:00,20,2024-05-13,user-123,3
955,2024-05-13T00:00:00,25,2024-05-13,user-123,4
956,2024-05-13T00:00:00,30,2024-05-13,user-123,1
957,2024-05-13T00:00:00,35,2024-05-13,user-123,2
958,2024-05-13T00:00:00,40,2024-05-13,user-123,3
959,2024-05-13T00:00:00,45,2024-05-13,user-123,4
960,2024-05-14T00:00:00,10,2024-05-14,user-123,1
961,2024-05-14T00:00:00,15,2024-05-14,user-123,2
962,2024-05-14T00:00:00,20,2024-05-14,user-123,3
963,2024-05-14T00:00:00,25,2024-05-14,user-123,4
964,2024-05-14T00:00:00,30,2024-05-14,user-123,1
965,2024-05-14T00:00:00,35,2024-05-14,user-123,2
966,2024-05-14T00:00:00,40,2024-05-14,user-123,3
967,2024-05-15T00:00:00,45,2024-05-15,user-123,4
968,2024-05-15T00:00:00,10,2024-05-15,user-123,1
969,2024-05-15T00:00:00,15,2024-05-15,user-123,2
970,2024-05-15T00:00:00,20,2024-05-15,user-123,3
971,2024-05-15T00:00:00,25,2024-05-15,user-123,4
972,2024-05-15T00:00:00,30,2024-05-15,user-123,1
973,2024-05-15T00:00:00,35,2024-05-15,user-123,2
974,2024-05-16T00:00:00,40,2024-05-16,user-123,3
975,2024-05-16T00:00:00,45,2024-05-16,user-123,4
976,2024-05-16T00:00:00,10,2024-05-16,user-123,1
977,2024-05-16T00:00:00,15,2024-05-16,user-123,2
978,2024-05-16T00:00:00,20,2024-05-16,user-123,3
979,2024-05-16T00:00:00,25,2024-05-16,user-123,4
980,2024-05-16T00:00:00,30,2024-05-16,user-123,1
981,2024-05-17T00:00:00,35,2024-05-17,user-123,2
982,2024-05-17T00:00:00,40,2024-05-17,user-123,3
983,2024-05-17T00:00:00,45,2024-05-17,user-123,4
984,2024-05-17T00:00:00,10,2024-05-17,user-123,1
985,2024-05-17T00:00:00,15,2024-05-17,user-123,2
986,2024-05-17T00:00:00,20,2024-05-17,user-123,3
987,2024-05-17T00:00:00,25,2024-05-17,user-123,4
988,2024-05-18T00:00:00,30,2024-05-18,user-123,1
989,2024-05-18T00:00:00,35,2024-05-18,user-123,2
990,2024-05-18T00:00:00,40,2024-05-18,user-123,3
991,2024-05-18T00:00:00,45,2024-05-18,user-123,4
992,2024-05-18T00:00:00,10,2024-05-18,user-123,1
993,2024-05-18T00:00:00,15,2024-05-18,user-123,2
994,2024-05-18T00:00:00,20,2024-05-18,user-123,3
995,2024-05-19T00:00:00,25,2024-05-19,user-123,4
996,2024-05-19T00:00:00,30,2024-05-19,user-123,1
997,2024-05-19T00:00:00,35,2024-05-19,user-123,2
998,2024-05-19T00:00:00,40,2024-05-19,user-123,3
999,2024-05-19T00:00:00,45,2024-05-19,user-123,4
1000,2024-05-19T00:00:00,10,2024-05-19,user-123,1
1001,2024-05-19T00:00:00,15,2024-05-19,user-123,2
1002,2024-05-20T00:00:00,20,2024-05-20,user-123,3
1003,2024-05-20T00:00:00,25,2024-05-20,user-123,4
1004,2024-05-20T00:00:00,30,2024-05-20,user-123,1
1005,2024-05-20T00:00:00,35,2024-05-20,user-123,2
1006,2024-05-20T00:00:00,40,2024-05-20,user-123,3
1007,2024-05-20T00:00:00,45,2024-05-20,user-123,4
1008,2024-05-20T00:00:00,10,2024-05-20,user-123,1
1009,2024-05-21T00:00:00,15,2024-05-21,user-123,2
1010,2024-05-21T00:00:00,20,2024-05-21,user-123,3
1011,2024-05-21T00:00:00,25,2024-05-21,user-123,4
1012,2024-05-21T00:00:00,30,2024-05-21,user-123,1
1013,2024-05-21T00:00:00,35,2024-05-21,user-123,2
1014,2024-05-21T00:00:00,40,2024-05-21,user-123,3
1015,2024-05-21T00:00:00,45,2024-05-21,user-123,4
1016,2024-05-22T00:00:00,10,2024-05-22,user-123,1
1017,2024-05-22T00:00:00,15,2024-05-22,user-123,2
1018,2024-05-22T00:00:00,20,2024-05-22,user-123,3
1019,2024-05-22T00:00:00,25,2024-05-22,user-123,4
1020,2024-05-22T00:00:00,30,2024-05-22,user-123,1
1021,2024-05-22T00:00:00,35,2024-05-22,user-123,2
1022,2024-05-22T00:00:00,40,2024-05-22,user-123,3
1023,2024-05-23T00:00:00,45,2024-05-23,user-123,4
1024,2024-05-23T00:00:00,10,2024-05-23,user-123,1
1025,2024-05-23T00:00:00,15,2024-05-23,user-123,2
1026,2024-05-23T00:00:00,20,2024-05-23,user-123,3
1027,2024-05-23T00:00:00,25,2024-05-23,user-123,4
1028,2024-05-23T00:00:00,30,2024-05-23,user-123,1
1029,2024-05-23T00:00:00,35,2024-05-23,user-123,2
1030,2024-05-24T00:00:00,40,2024-05-24,user-123,3
1031,2024-05-24T00:00:00,45,2024-05-24,user-123,4
1032,2024-05-24T00:00:00,10,2024-05-24,user-123,1
1033,2024-05-24T00:00:00,15,2024-05-24,user-123,2
1034,2024-05-24T00:00:00,20,2024-05-24,user-123,3
1035,2024-05-24T00:00:00,25,2024-05-24,user-123,4
1036,2024-05-24T00:00:00,30,2024-05-24,user-123,1
1037,2024-05-25T00:00:00,35,2024-05-25,user-123,2
1038,2024-05-25T00:00:00,40,2024-05-25,user-123,3
1039,2024-05-25T00:00:00,45,2024-05-25,user-123,4
1040,2024-05-25T00:00:00,10,2024-05-25,user-123,1
1041,2024-05-25T00:00:00,15,2024-05-25,user-123,2
1042,2024-05-25T00:00:00,20,2024-05-25,user-123,3
1043,2024-05-25T00:00:00,25,2024-05-25,user-123,4
1044,2024-05-26T00:00:00,30,2024-05-26,user-123,1
1045,2024-05-26T00:00:00,35,2024-05-26,user-123,2
1046,2024-05-26T00:00:00,40,2024-05-26,user-123,3
1047,2024-05-26T00:00:00,45,2024-05-26,user-123,4
1048,2024-05-26T00:00:00,10,2024-05-26,user-123,1
1049,2024-05-26T00:00:00,15,2024-05-26,user-123,2
1050,2024-05-26T00:00:00,20,2024-05-26,user-123,3
1051,2024-05-27T00:00:00,25,2024-05-27,user-123,4
1052,2024-05-27T00:00:00,30,2024-05-27,user-123,1
1053,2024-05-27T00:00:00,35,2024-05-27,user-123,2
1054,2024-05-27T00:00:00,40,2024-05-27,user-123,3
1055,2024-05-27T00:00:00,45,2024-05-27,user-123,4
1056,2024-05-27T00:00:00,10,2024-05-27,user-123,1
1057,2024-05-27T00:00:00,15,2024-05-27,user-123,2
1058,2024-05-28T00:00:00,20,2024-05-28,user-123,3
1059,2024-05-28T00:00:00,25,2024-05-28,user-123,4
1060,2024-05-28T00:00:00,30,2024-05-28,user-123,1
1061,2024-05-28T00:00:00,35,2024-05-28,user-123,2
1062,2024-05-28T00:00:00,40,2024-05-28,user-123,3
1063,2024-05-28T00:00:00,45,2024-05-28,user-123,4
1064,2024-05-28T00:00:00,10,2024-05-28,user-123,1
1065,2024-05-29T00:00:00,15,2024-05-29,user-123,2
1066,2024-05-29T00:00:00,20,2024-05-29,user-123,3
1067,2024-05-29T00:00:00,25,2024-05-29,user-123,4
1068,2024-05-29T00:00:00,30,2024-05-29,user-123,1
1069,2024-05-29T00:00:00,35,2024-05-29,user-123,2
1070,2024-05-29T00:00:00,40,2024-05-29,user-123,3
1071,2024-05-29T00:00:00,45,2024-05-29,user-123,4
1072,2024-05-30T00:00:00,10,2024-05-30,user-123,1
1073,2024-05-30T00:00:00,15,2024-05-30,user-123,2
1074,2024-05-30T00:00:00,20,2024-05-30,user-123,3
1075,2024-05-30T00:00:00,25,2024-05-30,user-123,4
1076,2024-05-30T00:00:00,30,2024-05-30,user-123,1
1077,2024-05-30T00:00:00,35,2024-05-30,user-123,2
1078,2024-05-30T00:00:00,40,2024-05-30,user-123,3
1079,2024-05-31T00:00:00,45,2024-05-31,user-123,4
1080,2024-05-31T00:00:00,10,2024-05-31,user-123,1
1081,2024-05-31T00:00:00,15,2024-05-31,user-123,2
1082,2024-05-31T00:00:00,20,2024-05-31,user-123,3
1083,2024-05-31T00:00:00,25,2024-05-31,user-123,4
1084,2024-05-31T00:00:00,30,2024-05-31,user-123,1
1085,2024-05-31T00:00:00,35,2024-05-31,user-123,2
1086,2024-05-30T00:00:00,40,2024-05-30,user-123,3
1087,2024-05-30T00:00:00,45,2024-05-30,user-123,4
1088,2024-05-30T00:00:00,10,2024-05-30,user-123,1
1089,2024-05-30T00:00:00,15,2024-05-30,user-123,2
1090,2024-05-30T00:00:00,20,2024-05-30,user-123,3
1091,2024-05-30T00:00:00,25,2024-05-30,user-123,4
1092,2024-05-30T00:00:00,30,2024-05-30,user-123,1
1093,2024-05-31T00:00:00,35,2024-05-31,user-123,2
1094,2024-05-31T00:00:00,40,2024-05-31,user-123,3
1095,2024-05-31T00:00:00,45,2024-05-31,user-123,4
1096,2024-05-31T00:00:00,10,2024-05-31,user-123,1
1097,2024-05-31T00:00:00,15,2024-05-31,user-123,2
1098,2024-05-31T00:00:00,20,2024-05-31,user-123,3
1099,2024-05-31T00:00:00,25,2024-05-31,user-123,4
1100,2024-06-01T00:00:00,30,2024-06-01,user-123,1
1101,2024-06-01T00:00:00,35,2024-06-01,user-123,2
1102,2024-06-01T00:00:00,40,2024-06-01,user-123,3
1103,2024-06-01T00:00:00,45,2024-06-01,user-123,4
1104,2024-06-01T00:00:00,10,2024-06-01,user-123,1
1105,2024-06-01T00:00:00,15,2024-06-01,user-123,2
1106,2024-06-01T00:00:00,20,2024-06-01,user-123,3
1107,2024-06-02T00:00:00,25,2024-06-02,user-123,4
1108,2024-06-02T00:00:00,30,2024-06-02,user-123,1
1109,2024-06-02T00:00:00,35,2024-06-02,user-123,2
1110,2024-06-02T00:00:00,40,2024-06-02,user-123,3
1111,2024-06-02T00:00:00,45,2024-06-02,user-123,4
1112,2024-06-02T00:00:00,10,2024-06-02,user-123,1
1113,2024-06-02T00:00:00,15,2024-06-02,user-123,2
1114,2024-06-03T00:00:00,20,2024-06-03,user-123,3
1115,2024-06-03T00:00:00,25,2024-06-03,user-123,4
1116,2024-06-03T00:00:00,30,2024-06-03,user-123,1
1117,2024-06-03T00:00:00,35,2024-06-03,user-123,2
1118,2024-06-03T00:00:00,40,2024-06-03,user-123,3
1119,2024-06-03T00:00:00,45,2024-06-03,user-123,4
1120,2024-06-03T00:00:00,10,2024-06-03,user-123,1
1121,2024-06-04T00:00:00,15,2024-06-04,user-123,2
1122,2024-06-04T00:00:00,20,2024-06-04,user-123,3
1123,2024-06-04T00:00:00,25,2024-06-04,user-123,4
1124,2024-06-04T00:00:00,30,2024-06-04,user-123,1
1125,2024-06-04T00:00:00,35,2024-06-04,user-123,2
1126,2024-06-04T00:00:00,40,2024-06-04,user-123,3
1127,2024-06-04T00:00:00,45,2024-06-04,user-123,4
1128,2024-06-05T00:00:00,10,2024-06-05,user-123,1
1129,2024-06-05T00:00:00,15,2024-06-05,user-123,2
1130,2024-06-05T00:00:00,20,2024-06-05,user-123,3
1131,2024-06-05T00:00:00,25,2024-06-05,user-123,4
1132,2024-06-05T00:00:00,30,2024-06-05,user-123,1
1133,2024-06-05T00:00:00,35,2024-06-05,user-123,2
1134,2024-06-05T00:00:00,40,2024-06-05,user-123,3
1135,2024-06-06T00:00:00,45,2024-06-06,user-123,4
1136,2024-06-06T00:00:00,10,2024-06-06,user-123,1
1137,2024-06-06T00:00:00,15,2024-06-06,user-123,2
1138,2024-06-06T00:00:00,20,2024-06-06,user-123,3
1139,2024-06-06T00:00:00,25,2024-06-06,user-123,4
1140,2024-06-06T00:00:00,30,2024-06-06,user-123,1
1141,2024-06-06T00:00:00,35,2024-06-06,user-123,2
1142,2024-06-07T00:00:00,40,2024-06-07,user-123,3
1143,2024-06-07T00:00:00,45,2024-06-07,user-123,4
1144,2024-06-07T00:00:00,10,2024-06-07,user-123,1
1145,2024-06-07T00:00:00,15,2024-06-07,user-123,2
1146,2024-06-07T00:00:00,20,2024-06-07,user-123,3
1147,2024-06-07T00:00:00,25,2024-06-07,user-123,4
1148,2024-06-07T00:00:00,30,2024-06-07,user-123,1
1149,2024-06-08T00:00:00,35,2024-06-08,user-123,2
1150,2024-06-08T00:00:00,40,2024-06-08,user-123,3
1151,2024-06-08T00:00:00,45,2024-06-08,user-123,4
1152,2024-06-08T00:00:00,10,2024-06-08,user-123,1
1153,2024-06-08T00:00:00,15,2024-06-08,user-123,2
1154,2024-06-08T00:00:00,20,2024-06-08,user-123,3
1155,2024-06-08T00:00:00,25,2024-06-08,user-123,4
1156,2024-06-09T00:00:00,30,2024-06-09,user-123,1
1157,2024-06-09T00:00:00,35,2024-06-09,user-123,2
1158,2024-06-09T00:00:00,40,2024-06-09,user-123,3
1159,2024-06-09T00:00:00,45,2024-06-09,user-123,4
1160,2024-06-09T00:00:00,10,2024-06-09,user-123,1
1161,2024-06-09T00:00:00,15,2024-06-09,user-123,2
1162,2024-06-09T00:00:00,20,2024-06-09,user-123,3
1163,2024-06-10T00:00:00,25,2024-06-10,user-123,4
1164,2024-06-10T00:00:00,30,2024-06-10,user-123,1
1165,2024-06-10T00:00:00,35,2024-06-10,user-123,2
1166,2024-06-10T00:00:00,40,2024-06-10,user-123,3
1167,2024-06-10T00:00:00,45,2024-06-10,user-123,4
1168,2024-06-10T00:00:00,10,2024-06-10,user-123,1
1169,2024-06-10T00:00:00,15,2024-06-10,user-123,2
1170,2024-06-11T00:00:00,20,2024-06-11,user-123,3
1171,2024-06-11T00:00:00,25,2024-06-11,user-123,4
1172,2024-06-11T00:00:00,30,2024-06-11,user-123,1
1173,2024-06-11T00:00:00,35,2024-06-11,user-123,2
1174,2024-06-11T00:00:00,40,2024-06-11,user-123,3
1175,2024-06-11T00:00:00,45,2024-06-11,user-123,4
1176,2024-06-11T00:00:00,10,2024-06-11,user-123,1
1177,2024-06-12T00:00:00,15,2024-06-12,user-123,2
1178,2024-06-12T00:00:00,20,2024-06-12,user-123,3
1179,2024-06-12T00:00:00,25,2024-06-12,user-123,4
1180,2024-06-12T00:00:00,30,2024-06-12,user-123,1
1181,2024-06-12T00:00:00,35,2024-06-12,user-123,2
1182,2024-06-12T00:00:00,40,2024-06-12,user-123,3
1183,2024-06-12T00:00:00,45,2024-06-12,user-123,4
1184,2024-06-13T00:00:00,10,2024-06-13,user-123,1
1185,2024-06-13T00:00:00,15,2024-06-13,user-123,2
1186,2024-06-13T00:00:00,20,2024-06-13,user-123,3
1187,2024-06-13T00:00:00,25,2024-06-13,user-123,4
1188,2024-06-13T00:00:00,30,2024-06-13,user-123,1
1189,2024-06-13T00:00:00,35,2024-06-13,user-123,2
1190,2024-06-13T00:00:00,40,2024-06-13,user-123,3
1191,2024-06-14T00:00:00,45,2024-06-14,user-123,4
1192,2024-06-14T00:00:00,10,2024-06-14,user-123,1
1193,2024-06-14T00:00:00,15,2024-06-14,user-123,2
1194,2024-06-14T00:00:00,20,2024-06-14,user-123,3
1195,2024-06-14T00:00:00,25,2024-06-14,user-123,4
1196,2024-06-14T00:00:00,30,2024-06-14,user-123,1
1197,2024-06-14T00:00:00,35,2024-06-14,user-123,2
1198,2024-06-15T00:00:00,40,2024-06-15,user-123,3
1199,2024-06-15T00:00:00,45,2024-06-15,user-123,4
1200,2024-06-15T00:00:00,10,2024-06-15,user-123,1
1201,2024-06-15T00:00:00,15,2024-06-15,user-123,2
1202,2024-06-15T00:00:00,20,2024-06-15,user-123,3
1203,2024-06-15T00:00:00,25,2024-06-15,user-123,4
1204,2024-06-15T00:00:00,30,2024-06-15,user-123,1
1205,2024-06-16T00:00:00,35,2024-06-16,user-123,2
1206,2024-06-16T00:00:00,40,2024-06-16,user-123,3
1207,2024-06-16T00:00:00,45,2024-06-16,user-123,4
1208,2024-06-16T00:00:00,10,2024-06-16,user-123,1
1209,2024-06-16T00:00:00,15,2024-06-16,user-123,2
1210,2024-06-16T00:00:00,20,2024-06-16,user-123,3
1211,2024-06-16T00:00:00,25,2024-06-16,user-123,4
1212,2024-06-17T00:00:00,30,2024-06-17,user-123,1
1213,2024-06-17T00:00:00,35,2024-06-17,user-123,2
1214,2024-06-17T00:00:00,40,2024-06-17,user-123,3
1215,2024-06-17T00:00:00,45,2024-06-17,user-123,4
1216,2024-06-17T00:00:00,10,2024-06-17,user-123,1
1217,2024-06-17T00:00:00,15,2024-06-17,user-123,2
1218,2024-06-17T00:00:00,20,2024-06-17,user-123,3
1219,2024-06-18T00:00:00,25,2024-06-18,user-123,4
1220,2024-06-18T00:00:00,30,2024-06-18,user-123,1
1221,2024-06-18T00:00:00,35,2024-06-18,user-123,2
1222,2024-06-18T00:00:00,40,2024-06-18,user-123,3
1223,2024-06-18T00:00:00,45,2024-06-18,user-123,4
1224,2024-06-18T00:00:00,10,2024-06-18,user-123,1
1225,2024-06-18T00:00:00,15,2024-06-18,user-123,2
1226,2024-06-19T00:00:00,20,2024-06-19,user-123,3
1227,2024-06-19T00:00:00,25,2024-06-19,user-123,4
1228,2024-06-19T00:00:00,30,2024-06-19,user-123,1
1229,2024-06-19T00:00:00,35,2024-06-19,user-123,2
1230,2024-06-19T00:00:00,40,2024-06-19,user-123,3
1231,2024-06-19T00:00:00,45,2024-06-19,user-123,4
1232,2024-06-19T00:00:00,10,2024-06-19,user-123,1
1233,2024-06-20T00:00:00,15,2024-06-20,user-123,2
1234,2024-06-20T00:00:00,20,2024-06-20,user-123,3
1235,2024-06-20T00:00:00,25,2024-06-20,user-123,4
1236,2024-06-20T00:00:00,30,2024-06-20,user-123,1
1237,2024-06-20T00:00:00,35,2024-06-20,user-123,2
1238,2024-06-20T00:00:00,40,2024-06-20,user-123,3
1239,2024-06-20T00:00:00,45,2024-06-20,user-123,4
1240,2024-06-21T00:00:00,10,2024-06-21,user-123,1
1241,2024-06-21T00:00:00,15,2024-06-21,user-123,2
1242,2024-06-21T00:00:00,20,2024-06-21,user-123,3
1243,2024-06-21T00:00:00,25,2024-06-21,user-123,4
1244,2024-06-21T00:00:00,30,2024-06-21,user-123,1
1245,2024-06-21T00:00:00,35,2024-06-21,user-123,2
1246,2024-06-21T00:00:00,40,2024-06-21,user-123,3
1247,2024-06-22T00:00:00,45,2024-06-22,user-123,4
1248,2024-06-22T00:00:00,10,2024-06-22,user-123,1
1249,2024-06-22T00:00:00,15,2024-06-22,user-123,2
1250,2024-06-22T00:00:00,20,2024-06-22,user-123,3
1251,2024-06-22T00:00:00,25,2024-06-22,user-123,4
1252,2024-06-22T00:00:00,30,2024-06-22,user-123,1
1253,2024-06-22T00:00:00,35,2024-06-22,user-123,2
1254,2024-06-23T00:00:00,40,2024-06-23,user-123,3
1255,2024-06-23T00:00:00,45,2024-06-23,user-123,4
1256,2024-06-23T00:00:00,10,2024-06-23,user-123,1
1257,2024-06-23T00:00:00,15,2024-06-23,user-123,2
1258,2024-06-23T00:00:00,20,2024-06-23,user-123,3
1259,2024-06-23T00:00:00,25,2024-06-23,user-123,4
1260,2024-06-23T00:00:00,30,2024-06-23,user-123,1
1261,2024-06-24T00:00:00,35,2024-06-24,user-123,2
1262,2024-06-24T00:00:00,40,2024-06-24,user-123,3
1263,2024-06-24T00:00:00,45,2024-06-24,user-123,4
1264,2024-06-24T00:00:00,10,2024-06-24,user-123,1
1265,2024-06-24T00:00:00,15,2024-06-24,user-123,2
1266,2024-06-24T00:00:00,20,2024-06-24,user-123,3
1267,2024-06-24T00:00:00,25,2024-06-24,user-123,4
1268,2024-06-25T00:00:00,30,2024-06-25,user-123,1
1269,2024-06-25T00:00:00,35,2024-06-25,user-123,2
1270,2024-06-25T00:00:00,40,2024-06-25,user-123,3
1271,2024-06-25T00:00:00,45,2024-06-25,user-123,4
1272,2024-06-25T00:00:00,10,2024-06-25,user-123,1
1273,2024-06-25T00:00:00,15,2024-06-25,user-123,2
1274,2024-06-25T00:00:00,20,2024-06-25,user-123,3
1275,2024-06-26T00:00:00,25,2024-06-26,user-123,4
1276,2024-06-26T00:00:00,30,2024-06-26,user-123,1
1277,2024-06-26T00:00:00,35,2024-06-26,user-123,2
1278,2024-06-26T00:00:00,40,2024-06-26,user-123,3
1279,2024-06-26T00:00:00,45,2024-06-26,user-123,4
1280,2024-06-26T00:00:00,10,2024-06-26,user-123,1
1281,2024-06-26T00:00:00,15,2024-06-26,user-123,2
1282,2024-06-27T00:00:00,20,2024-06-27,user-123,3
1283,2024-06-27T00:00:00,25,2024-06-27,user-123,4
1284,2024-06-27T00:00:00,30,2024-06-27,user-123,1
1285,2024-06-27T00:00:00,35,2024-06-27,user-123,2
1286,2024-06-27T00:00:00,40,2024-06-27,user-123,3
1287,2024-06-27T00:00:00,45,2024-06-27,user-123,4
1288,2024-06-27T00:00:00,10,2024-06-27,user-123,1
1289,2024-06-28T00:00:00,15,2024-06-28,user-123,2
1290,2024-06-28T00:00:00,20,2024-06-28,user-123,3
1291,2024-06-28T00:00:00,25,2024-06-28,user-123,4
1292,2024-06-28T00:00:00,30,2024-06-28,user-123,1
1293,2024-06-28T00:00:00,35,2024-06-28,user-123,2
1294,2024-06-28T00:00:00,40,2024-06-28,user-123,3
1295,2024-06-28T00:00:00,45,2024-06-28,user-123,4
1296,2024-06-29T00:00:00,10,2024-06-29,user-123,1
1297,2024-06-29T00:00:00,15,2024-06-29,user-123,2
1298,2024-06-29T00:00:00,20,2024-06-29,user-123,3
1299,2024-06-29T00:00:00,25,2024-06-29,user-123,4
1300,2024-06-29T00:00:00,30,2024-06-29,user-123,1
1301,2024-06-29T00:00:00,35,2024-06-29,user-123,2
1302,2024-06-29T00:00:00,40,2024-06-29,user-123,3
1303,2024-06-30T00:00:00,45,2024-06-30,user-123,4
1304,2024-06-30T00:00:00,10,2024-06-30,user-123,1
1305,2024-06-30T00:00:00,15,2024-06-30,user-123,2
1306,2024-06-30T00:00:00,20,2024-06-30,user-123,3
1307,2024-06-30T00:00:00,25,2024-06-30,user-123,4
1308,2024-06-30T00:00:00,30,2024-06-30,user-123,1
1309,2024-06-30T00:00:00,35,2024-06-30,user-123,2
1310,2024-06-29T00:00:00,40,2024-06-29,user-123,3
1311,2024-06-29T00:00:00,45,2024-06-29,user-123,4
1312,2024-06-29T00:00:00,10,2024-06-29,user-123,1
1313,2024-06-29T00:00:00,15,2024-06-29,user-123,2
1314,2024-06-29T00:00:00,20,2024-06-29,user-123,3
1315,2024-06-29T00:00:00,25,2024-06-29,user-123,4
1316,2024-06-29T00:00:00,30,2024-06-29,user-123,1
1317,2024-06-30T00:00:00,35,2024-06-30,user-123,2
1318,2024-06-30T00:00:00,40,2024-06-30,user-123,3
1319,2024-06-30T00:00:00,45,2024-06-30,user-123,4
1320,2024-06-30T00:00:00,10,2024-06-30,user-123,1
1321,2024-06-30T00:00:00,15,2024-06-30,user-123,2
1322,2024-06-30T00:00:00,20,2024-06-30,user-123,3
1323,2024-06-30T00:00:00,25,2024-06-30,user-123,4
1324,2024-07-29T00:00:00,30,2024-07-29,user-123,1
1325,2024-07-29T00:00:00,35,2024-07-29,user-123,2
1326,2024-07-29T00:00:00,40,2024-07-29,user-123,3
1327,2024-07-29T00:00:00,45,2024-07-29,user-123,4
1328,2024-07-29T00:00:00,10,2024-07-29,user-123,1
1329,2024-07-29T00:00:00,15,2024-07-29,user-123,2
1330,2024-07-29T00:00:00,20,2024-07-29,user-123,3
1331,2024-07-30T00:00:00,25,2024-07-30,user-123,4
1332,2024-07-30T00:00:00,30,2024-07-30,user-123,1
1333,2024-07-30T00:00:00,35,2024-07-30,user-123,2
1334,2024-07-30T00:00:00,40,2024-07-30,user-123,3
1335,2024-07-30T00:00:00,45,2024-07-30,user-123,4
1336,2024-07-30T00:00:00,10,2024-07-30,user-123,1
1337,2024-07-30T00:00:00,15,2024-07-30,user-123,2
1338,2024-07-31T00:00:00,20,2024-07-31,user-123,3
1339,2024-07-31T00:00:00,25,2024-07-31,user-123,4
1340,2024-07-31T00:00:00,30,2024-07-31,user-123,1
1341,2024-07-31T00:00:00,35,2024-07-31,user-123,2
1342,2024-07-31T00:00:00,40,2024-07-31,user-123,3
1343,2024-07-31T00:00:00,45,2024-07-31,user-123,4
1344,2024-07-31T00:00:00,10,2024-07-31,user-123,1
1345,2024-08-28T00:00:00,15,2024-08-28,user-123,2
1346,2024-08-28T00:00:00,20,2024-08-28,user-123,3
1347,2024-08-28T00:00:00,25,2024-08-28,user-123,4
1348,2024-08-28T00:00:00,30,2024-08-28,user-123,1
1349,2024-08-28T00:00:00,35,2024-08-28,user-123,2
1350,2024-08-28T00:00:00,40,2024-08-28,user-123,3
1351,2024-08-28T00:00:00,45,2024-08-28,user-123,4
1352,2024-08-29T00:00:00,10,2024-08-29,user-123,1
1353,2024-08-29T00:00:00,15,2024-08-29,user-123,2
1354,2024-08-29T00:00:00,20,2024-08-29,user-123,3
1355,2024-08-29T00:00:00,25,2024-08-29,user-123,4
1356,2024-08-29T00:00:00,30,2024-08-29,user-123,1
1357,2024-08-29T00:00:00,35,2024-08-29,user-123,2
1358,2024-08-29T00:00:00,40,2024-08-29,user-123,3
1359,2024-08-30T00:00:00,45,2024-08-30,user-123,4
1360,2024-08-30T00:00:00,10,2024-08-30,user-123,1
1361,2024-08-30T00:00:00,15,2024-08-30,user-123,2
1362,2024-08-30T00:00:00,20,2024-08-30,user-123,3
1363,2024-08-30T00:00:00,25,2024-08-30,user-123,4
1364,2024-08-30T00:00:00,30,2024-08-30,user-123,1
1365,2024-08-30T00:00:00,35,2024-08-30,user-123,2
1366,2024-08-31T00:00:00,40,2024-08-31,user-123,3
1367,2024-08-31T00:00:00,45,2024-08-31,user-123,4
1368,2024-08-31T00:00:00,10,2024-08-31,user-123,1
1369,2024-08-31T00:00:00,15,2024-08-31,user-123,2
1370,2024-08-31T00:00:00,20,2024-08-31,user-123,3
1371,2024-08-31T00:00:00,25,2024-08-31,user-123,4
1372,2024-08-31T00:00:00,30,2024-08-31,user-123,1
1373,2024-09-27T00:00:00,35,2024-09-27,user-123,2
1374,2024-09-27T00:00:00,40,2024-09-27,user-123,3
1375,2024-09-27T00:00:00,45,2024-09-27,user-123,4
1376,2024-09-27T00:00:00,10,2024-09-27,user-123,1
1377,2024-09-27T00:00:00,15,2024-09-27,user-123,2
1378,2024-09-27T00:00:00,20,2024-09-27,user-123,3
1379,2024-09-27T00:00:00,25,2024-09-27,user-123,4
1380,2024-09-28T00:00:00,30,2024-09-28,user-123,1
1381,2024-09-28T00:00:00,35,2024-09-28,user-123,2
1382,2024-09-28T00:00:00,40,2024-09-28,user-123,3
1383,2024-09-28T00:00:00,45,2024-09-28,user-123,4
1384,2024-09-28T00:00:00,10,2024-09-28,user-123,1
1385,2024-09-28T00:00:00,15,2024-09-28,user-123,2
1386,2024-09-28T00:00:00,20,2024-09-28,user-123,3
1387,2024-09-29T00:00:00,25,2024-09-29,user-123,4
1388,2024-09-29T00:00:00,30,2024-09-29,user-123,1
1389,2024-09-29T00:00:00,35,2024-09-29,user-123,2
1390,2024-09-29T00:00:00,40,2024-09-29,user-123,3
1391,2024-09-29T00:00:00,45,2024-09-29,user-123,4
1392,2024-09-29T00:00:00,10,2024-09-29,user-123,1
1393,2024-09-29T00:00:00,15,2024-09-29,user-123,2
1394,2024-09-30T00:00:00,20,2024-09-30,user-123,3
1395,2024-09-30T00:00:00,25,2024-09-30,user-123,4
1396,2024-09-30T00:00:00,30,2024-09-30,user-123,1
1397,2024-09-30T00:00:00,35,2024-09-30,user-123,2
1398,2024-09-30T00:00:00,40,2024-09-30,user-123,3
1399,2024-09-30T00:00:00,45,2024-09-30,user-123,4
1400,2024-09-30T00:00:00,10,2024-09-30,user-123,1
1401,2024-10-27T00:00:00,15,2024-10-27,user-123,2
1402,2024-10-27T00:00:00,20,2024-10-27,user-123,3
1403,2024-10-27T00:00:00,25,2024-10-27,user-123,4
1404,2024-10-27T00:00:00,30,2024-10-27,user-123,1
1405,2024-10-27T00:00:00,35,2024-10-27,user-123,2
1406,2024-10-27T00:00:00,40,2024-10-27,user-123,3
1407,2024-10-27T00:00:00,45,2024-10-27,user-123,4
1408,2024-10-28T00:00:00,10,2024-10-28,user-123,1
1409,2024-10-28T00:00:00,15,2024-10-28,user-123,2
1410,2024-10-28T00:00:00,20,2024-10-28,user-123,3
1411,2024-10-28T00:00:00,25,2024-10-28,user-123,4
1412,2024-10-28T00:00:00,30,2024-10-28,user-123,1
1413,2024-10-28T00:00:00,35,2024-10-28,user-123,2
1414,2024-10-28T00:00:00,40,2024-10-28,user-123,3
1415,2024-10-29T00:00:00,45,2024-10-29,user-123,4
1416,2024-10-29T00:00:00,10,2024-10-29,user-123,1
1417,2024-10-29T00:00:00,15,2024-10-29,user-123,2
1418,2024-10-29T00:00:00,20,2024-10-29,user-123,3
1419,2024-10-29T00:00:00,25,2024-10-29,user-123,4
1420,2024-10-29T00:00:00,30,2024-10-29,user-123,1
1421,2024-10-29T00:00:00,35,2024-10-29,user-123,2
1422,2024-10-30T00:00:00,40,2024-10-30,user-123,3
1423,2024-10-30T00:00:00,45,2024-10-30,user-123,4
1424,2024-10-30T00:00:00,10,2024-10-30,user-123,1
1425,2024-10-30T00:00:00,15,2024-10-30,user-123,2
1426,2024-10-30T00:00:00,20,2024-10-30,user-123,3
1427,2024-10-30T00:00:00,25,2024-10-30,user-123,4
1428,2024-10-30T00:00:00,30,2024-10-30,user-123,1
1429,2024-10-31T00:00:00,35,2024-10-31,user-123,2
1430,2024-10-31T00:00:00,40,2024-10-31,user-123,3
1431,2024-10-31T00:00:00,45,2024-10-31,user-123,4
1432,2024-10-31T00:00:00,10,2024-10-31,user-123,1
1433,2024-10-31T00:00:00,15,2024-10-31,user-123,2
1434,2024-10-31T00:00:00,20,2024-10-31,user-123,3
1435,2024-10-31T00:00:00,25,2024-10-31,user-123,4
1436,2024-11-26T00:00:00,30,2024-11-26,user-123,1
1437,2024-11-26T00:00:00,35,2024-11-26,user-123,2
1438,2024-11-26T00:00:00,40,2024-11-26,user-123,3
1439,2024-11-26T00:00:00,45,2024-11-26,user-123,4
1440,2024-11-26T00:00:00,10,2024-11-26,user-123,1
1441,2024-11-26T00:00:00,15,2024-11-26,user-123,2
1442,2024-11-26T00:00:00,20,2024-11-26,user-123,3
1443,2024-11-27T00:00:00,25,2024-11-27,user-123,4
1444,2024-11-27T00:00:00,30,2024-11-27,user-123,1
1445,2024-11-27T00:00:00,35,2024-11-27,user-123,2
1446,2024-11-27T00:00:00,40,2024-11-27,user-123,3
1447,2024-11-27T00:00:00,45,2024-11-27,user-123,4
1448,2024-11-27T00:00:00,10,2024-11-27,user-123,1
1449,2024-11-27T00:00:00,15,2024-11-27,user-123,2
1450,2024-11-28T00:00:00,20,2024-11-28,user-123,3
1451,2024-11-28T00:00:00,25,2024-11-28,user-123,4
1452,2024-11-28T00:00:00,30,2024-11-28,user-123,1
1453,2024-11-28T00:00:00,35,2024-11-28,user-123,2
1454,2024-11-28T00:00:00,40,2024-11-28,user-123,3
1455,2024-11-28T00:00:00,45,2024-11-28,user-123,4
1456,2024-11-28T00:00:00,10,2024-11-28,user-123,1
1457,2024-11-29T00:00:00,15,2024-11-29,user-123,2
1458,2024-11-29T00:00:00,20,2024-11-29,user-123,3
1459,2024-11-29T00:00:00,25,2024-11-29,user-123,4
1460,2024-11-29T00:00:00,30,2024-11-29,user-123,1
1461,2024-11-29T00:00:00,35,2024-11-29,user-123,2
1462,2024-11-29T00:00:00,40,2024-11-29,user-123,3
1463,2024-11-29T00:00:00,45,2024-11-29,user-123,4
1464,2024-11-30T00:00:00,10,2024-11-30,user-123,1
1465,2024-11-30T00:00:00,15,2024-11-30,user-123,2
1466,2024-11-30T00:00:00,20,2024-11-30,user-123,3
1467,2024-11-30T00:00:00,25,2024-11-30,user-123,4
1468,2024-11-30T00:00:00,30,2024-11-30,user-123,1
1469,2024-11-30T00:00:00,35,2024-11-30,user-123,2
1470,2024-11-30T00:00:00,40,2024-11-30,user-123,3
